Time (s),X (m/s^2),Y (m/s^2),Z (m/s^2)
4.000527083,-2.274969177,-9.615404663,2.101779327
4.010454083,-2.326611786,-9.568552094,2.144590302
4.020381083,-2.400857391,-9.542356567,2.08980423
4.030308083,-2.513123932,-9.507179718,2.115850067
4.040235083,-2.631078644,-9.487420807,2.106569366
4.050163083,-2.758912811,-9.44146637,2.001787262
4.060090083,-2.898572388,-9.364526367,1.8884729
4.070017083,-3.047362976,-9.357490997,1.789977722
4.079944083,-3.151546326,-9.396709442,1.809736633
4.089871083,-3.106939087,-9.348359985,1.911375275
4.099799083,-2.982098694,-9.272318115,1.812580719
4.109726083,-2.939437408,-9.257199554,1.631756744
4.119653083,-2.954705658,-9.308692474,1.559307404
4.129580083,-2.907553711,-9.35838913,1.564995575
4.139508083,-2.851869507,-9.350605316,1.646126862
4.149435083,-2.831212463,-9.363777924,1.743723907
4.159362083,-2.916085968,-9.358239441,1.848655701
4.169289083,-3.079246674,-9.323661346,1.848655701
4.179216083,-3.25752594,-9.308842163,1.767225037
4.189144083,-3.397634583,-9.227860565,1.78668457
4.199071083,-3.478765869,-9.106463013,1.855391693
4.208998083,-3.547622681,-8.98162262,1.895208893
4.218925083,-3.613785095,-8.880133667,1.926344147
4.228852083,-3.680995331,-8.827742615,1.953587494
4.238780083,-3.731739807,-8.831484833,1.981878662
4.248707083,-3.789519653,-8.873397675,2.070644073
4.258634083,-3.786226501,-8.909173279,2.131567383
4.268561083,-3.771107941,-8.966653748,2.212998047
4.278488083,-3.791764984,-9.056017914,2.238744507
4.288416083,-3.829785919,-9.119186554,2.230511627
4.298343083,-3.916156311,-9.166787567,2.298470306
4.308270083,-3.968547363,-9.197324066,2.315983887
4.318197083,-3.978426819,-9.197174377,2.234553223
4.328124083,-3.947740631,-9.187294922,2.122286682
4.338052083,-3.894601135,-9.19223465,2.011067963
4.347979083,-3.839964752,-9.21214325,1.938019867
4.357906083,-3.73727829,-9.239386597,1.867217102
4.367833083,-3.615880737,-9.260492706,1.867067413
4.377760083,-3.520229645,-9.294771423,1.864223328
4.387688083,-3.434757385,-9.315877533,1.773511963
4.397615083,-3.334465942,-9.311686249,1.733096008
4.407542083,-3.271147614,-9.282646637,1.712289276
4.417469083,-3.231480103,-9.248667297,1.687590637
4.427396083,-3.241209869,-9.212742004,1.662442932
4.437324083,-3.250789948,-9.170230408,1.673070831
4.447251083,-3.248544617,-9.1371492,1.670975189
4.457178083,-3.258274384,-9.105864258,1.717977448
4.467105083,-3.278931427,-9.135652313,1.785337372
4.477032083,-3.28207489,-9.194180603,1.886377258
4.486960083,-3.223247223,-9.266330566,1.952240295
4.496887083,-3.150199127,-9.324559479,1.899250488
4.506814083,-3.096760254,-9.371112671,1.913021851
4.516741083,-3.052602081,-9.424850922,1.988165588
4.526668083,-2.998115387,-9.45194458,1.920206909
4.536596083,-2.89243515,-9.417216797,1.773961029
4.546523083,-2.826422424,-9.324559479,1.615290985
4.556450083,-2.929258575,-9.243278503,1.537303162
4.566377083,-3.246448975,-9.194030914,1.586550751
4.576304083,-3.526965637,-9.201365662,1.820514221
4.586232083,-3.587589569,-9.284742279,2.04998703
4.596159083,-3.417094116,-9.356143799,2.102976837
4.606086083,-3.151845703,-9.387279053,2.017055511
4.616013083,-2.987936554,-9.411678314,1.886377258
4.625940083,-2.923869781,-9.345964966,1.806892548
4.635868083,-2.986589355,-9.234446869,1.781744843
4.645795083,-3.106939087,-9.127269745,1.721569977
4.655722083,-3.227588196,-9.061706085,1.685794373
4.665649083,-3.324736176,-9.014404449,1.61588974
4.675576083,-3.440744934,-8.97099472,1.610351257
4.685504083,-3.556154938,-8.93477005,1.629511414
4.695431083,-3.657943268,-8.93357254,1.672322388
4.705358083,-3.727698212,-8.959169312,1.734742584
4.715285083,-3.774850159,-9.011859741,1.778002625
4.725212083,-3.757037201,-9.067543945,1.873204651
4.735140083,-3.653751984,-9.0880513,1.940714264
4.745067083,-3.539689178,-9.041647797,1.900148621
4.754994083,-3.526516571,-9.004075928,1.838925934
4.764921083,-3.584446106,-8.994346161,1.855092316
4.774848083,-3.656895447,-9.001531219,1.895657959
4.784776083,-3.708687744,-9.012308807,1.914967804
4.794703083,-3.717220001,-9.026529236,1.936223602
4.804630708,-3.693269806,-9.042845306,1.933529205
4.814557708,-3.656895447,-9.077872467,1.923799438
4.824485708,-3.609294434,-9.086105347,1.921105042
4.834412708,-3.597019958,-9.062155151,1.92364975
4.844339708,-3.606450348,-9.046886902,1.964065704
4.854266708,-3.616180115,-9.044342194,2.001038818
4.864193708,-3.616479492,-9.034313049,2.018851776
4.874120708,-3.600163422,-9.034462738,1.99385376
4.884048708,-3.593427429,-9.032965851,1.968706055
4.893975708,-3.608396301,-9.042695618,1.97858551
4.903902708,-3.633693695,-9.044491882,1.996997223
4.913829708,-3.658691711,-9.040300598,2.038460999
4.923757708,-3.686384125,-9.049132233,2.058968353
4.933684708,-3.682641907,-9.052874451,2.068997498
4.943611708,-3.632945251,-9.042096863,2.080074463
4.953538708,-3.583847351,-9.026978302,2.015708313
4.963465708,-3.563639374,-9.019344177,1.947749634
4.973393708,-3.575165405,-9.036857758,1.939666443
4.983320708,-3.579656067,-9.043144684,1.937421112
4.993247708,-3.577859802,-9.017248535,1.953886871
5.003174708,-3.553310852,-9.003626862,1.972897339
5.013101708,-3.476670227,-9.020990753,1.980531464
5.023029708,-3.406466217,-9.035809937,1.99969162
5.032956708,-3.364403687,-9.052575073,1.995650024
5.042883708,-3.339255981,-9.071136475,2.007625122
5.052810708,-3.331921234,-9.078022156,2.019899597
5.062737708,-3.348237305,-9.084458771,2.039658508
5.072664708,-3.392994232,-9.083860016,2.017953644
5.082592708,-3.432062988,-9.107810211,1.999541931
5.092519708,-3.442990265,-9.11963562,2.02304306
5.102446708,-3.426823883,-9.124874725,2.029180298
5.112373708,-3.413651276,-9.116941223,1.99145874
5.122301708,-3.439547424,-9.106612701,1.977687378
5.132228708,-3.503614197,-9.108408966,2.005828857
5.142155708,-3.542383575,-9.124725037,2.012714539
5.152082708,-3.563639374,-9.130113831,1.997595978
5.162009708,-3.573069763,-9.121431885,1.953886871
5.171937708,-3.566932526,-9.112001495,1.963916016
5.181864708,-3.533102875,-9.109007721,1.947749634
5.191791708,-3.480861511,-9.097182312,1.94236084
5.201718708,-3.451821899,-9.102271729,1.933379517
5.211645708,-3.422632599,-9.105415192,1.94116333
5.221572708,-3.410208435,-9.112001495,1.919009399
5.231500708,-3.429368591,-9.11499527,1.904639282
5.241427708,-3.445385284,-9.12203064,1.884131927
5.251354708,-3.460952911,-9.103169861,1.886676636
5.261281708,-3.466641083,-9.075477448,1.883533173
5.271208708,-3.474574585,-9.071435852,1.890269165
5.281136708,-3.460204468,-9.051078186,1.908531189
5.291063708,-3.464844818,-9.025780792,1.907333679
5.300990708,-3.502266998,-9.026229858,1.908231812
5.310917708,-3.547173615,-9.044641571,1.906136169
5.320844708,-3.585942993,-9.047785034,1.902244263
5.330772708,-3.609893188,-9.06694519,1.901795197
5.340699708,-3.612737274,-9.070388031,1.898202667
5.350626708,-3.617976379,-9.081315308,1.906285858
5.360553708,-3.613934784,-9.088350677,1.911674652
5.370480708,-3.588338013,-9.089847565,1.911824341
5.380408708,-3.573069763,-9.085955658,1.858684845
5.390335708,-3.564537506,-9.070388031,1.813478851
5.400262708,-3.546425171,-9.046737213,1.812580719
5.410189708,-3.498225403,-9.029073944,1.812131653
5.420116708,-3.457959137,-9.031618652,1.830992432
5.430044708,-3.426524506,-9.066645813,1.86048111
5.439971708,-3.41784256,-9.100625153,1.860630798
5.449898708,-3.441942444,-9.103618927,1.887275391
5.459825708,-3.489693146,-9.10331955,1.880988464
5.469752708,-3.520978088,-9.108858032,1.872306519
5.479680708,-3.543581085,-9.090895386,1.879341888
5.489607708,-3.562142487,-9.085955658,1.873504028
5.499534708,-3.582500153,-9.091194763,1.873653717
5.509461708,-3.598666534,-9.115594025,1.857637024
5.519388708,-3.573219452,-9.128167877,1.868713989
5.529316708,-3.54417984,-9.125024414,1.877695312
5.539243708,-3.527564392,-9.119186554,1.907333679
5.549170708,-3.501219177,-9.102571106,1.91541687
5.559097708,-3.484603729,-9.093739471,1.868863678
5.569024708,-3.489094391,-9.088949432,1.834435272
5.578952708,-3.489693146,-9.087602234,1.854942627
5.588879708,-3.495231628,-9.095835114,1.852846985
5.598806708,-3.494333496,-9.084458771,1.863774261
5.608733708,-3.496728516,-9.066795502,1.857487335
5.618660708,-3.531156921,-9.050030365,1.832189941
5.628588708,-3.542533264,-9.037606201,1.811383209
5.638515708,-3.54882019,-9.035660248,1.80659317
5.648442708,-3.535497894,-9.046437836,1.823807373
5.658369708,-3.518732758,-9.080866241,1.837279358
5.668296708,-3.530857544,-9.091344452,1.82889679
5.678224708,-3.536545715,-9.094787292,1.839225311
5.688151708,-3.531007233,-9.086105347,1.852098541
5.698078708,-3.536246338,-9.082961884,1.846709747
5.708005708,-3.536845093,-9.084608459,1.840722198
5.717932708,-3.516637115,-9.086704102,1.864373016
5.727860708,-3.508404236,-9.099128265,1.866917725
5.737787708,-3.517086182,-9.113199005,1.883682861
5.747714708,-3.502716064,-9.121880951,1.909129944
5.757641708,-3.497626648,-9.118887177,1.901795197
5.767568708,-3.482358398,-9.109756165,1.874102783
5.777496708,-3.496578827,-9.100625153,1.854942627
5.787423708,-3.496279449,-9.095236359,1.850152588
5.797354083,-3.491040344,-9.092841339,1.859582977
5.807281083,-3.498973846,-9.094637604,1.868713989
5.817208083,-3.477568359,-9.088350677,1.863474884
5.827136083,-3.485801239,-9.096433868,1.850302277
5.837063083,-3.495381317,-9.091943207,1.857487335
5.846990083,-3.511098633,-9.079369354,1.836231537
5.856917083,-3.524420929,-9.079519043,1.837279358
5.866844083,-3.536096649,-9.07637558,1.831591187
5.876772083,-3.545676727,-9.084907837,1.85224823
5.886699083,-3.556903381,-9.094787292,1.866768036
5.896626083,-3.55825058,-9.094936981,1.872306519
5.906553083,-3.552263031,-9.094188538,1.858385468
5.916480083,-3.551065521,-9.081315308,1.854493561
5.926407083,-3.55121521,-9.071286163,1.840123444
5.936335083,-3.561543732,-9.065897369,1.825154572
5.946262083,-3.548221436,-9.061406708,1.83233963
5.956189083,-3.526217194,-9.049281921,1.814526672
5.966116083,-3.52666626,-9.032217407,1.834135895
5.976044083,-3.525319061,-9.031319275,1.849703522
5.985971083,-3.528612213,-9.032816162,1.828747101
5.995898083,-3.55121521,-9.017697601,1.850152588
6.005825083,-3.557352448,-9.032367096,1.870659943
6.015752083,-3.567531281,-9.048084412,1.882036285
6.025679083,-3.585044861,-9.058263245,1.893113251
6.035607083,-3.59687027,-9.06350235,1.938917999
6.045534083,-3.623065796,-9.090895386,1.917362823
6.055461083,-3.627556458,-9.109756165,1.886676636
6.065388083,-3.614234161,-9.103618927,1.872605896
6.075315083,-3.615731049,-9.102720795,1.851499786
6.085243083,-3.613036652,-9.095685425,1.848805389
6.095170083,-3.576063538,-9.08341095,1.841919708
6.105097083,-3.546724548,-9.063202972,1.84057251
6.115024083,-3.533551941,-9.054820404,1.825753326
6.124951083,-3.521427155,-9.041647797,1.823657684
6.134879083,-3.510948944,-9.038204956,1.824855194
6.144806083,-3.509452057,-9.065448303,1.841171265
6.154733083,-3.5102005,-9.09044632,1.846560059
6.164660083,-3.52546875,-9.104517059,1.859582977
6.174587083,-3.538192291,-9.115144958,1.88263504
6.184515083,-3.54298233,-9.105714569,1.872605896
6.194442083,-3.5699263,-9.100325775,1.855691071
6.204369083,-3.573967896,-9.103020172,1.83697998
6.214296083,-3.566184082,-9.098978577,1.834884338
6.224223083,-3.535048828,-9.106163635,1.825453949
6.234151083,-3.513194275,-9.09852951,1.819616089
6.244078083,-3.506607971,-9.104367371,1.830992432
6.254005083,-3.481909332,-9.089548187,1.819765778
6.263932083,-3.483406219,-9.084907837,1.820813599
6.273859083,-3.481909332,-9.089997253,1.816921692
6.283787083,-3.468437347,-9.092991028,1.82650177
6.293714083,-3.470383301,-9.101972351,1.84521286
6.303641083,-3.481609955,-9.106313324,1.871707764
6.313568083,-3.478466492,-9.103169861,1.876497803
6.323495083,-3.492537231,-9.098679199,1.862277374
6.333422083,-3.498674469,-9.086105347,1.843715973
6.343350083,-3.517535248,-9.075327759,1.833986206
6.353277083,-3.536994781,-9.09388916,1.819915466
6.363204083,-3.535797272,-9.10331955,1.820214844
6.373131083,-3.536994781,-9.126820679,1.832639008
6.383058083,-3.53594696,-9.130712585,1.85808609
6.392986083,-3.534150696,-9.120234375,1.89086792
6.402913083,-3.541635132,-9.113947449,1.874252472
6.412840083,-3.54417984,-9.093589783,1.852098541
6.422767083,-3.535797272,-9.083261261,1.837578735
6.432694083,-3.533102875,-9.085656281,1.818867645
6.442622083,-3.510499878,-9.078022156,1.815873871
6.452549083,-3.498375092,-9.074429626,1.836381226
6.462476083,-3.498375092,-9.078321533,1.844165039
6.472403083,-3.484304352,-9.067843323,1.850002899
6.482330083,-3.507805481,-9.058412933,1.852397919
6.492258083,-3.528312836,-9.065747681,1.855092316
6.502185083,-3.555705872,-9.065747681,1.833986206
6.512112083,-3.589535522,-9.068442078,1.833387451
6.522039083,-3.615731049,-9.075926514,1.873504028
6.531966083,-3.633394318,-9.077124023,1.876348114
6.541894083,-3.641178131,-9.075926514,1.865570526
6.551821083,-3.636238403,-9.066196747,1.877246246
6.561748083,-3.63429245,-9.072783051,1.851799164
6.571675083,-3.610491943,-9.057814178,1.837878113
6.581602083,-3.580554199,-9.056317291,1.831591187
6.591529083,-3.552263031,-9.054970093,1.842069397
6.601457083,-3.540886688,-9.046288147,1.862576752
6.611384083,-3.521726532,-9.043743439,1.848805389
6.621311083,-3.525019684,-9.045689392,1.859433289
6.631238083,-3.545976105,-9.04119873,1.860181732
6.641165083,-3.563489685,-9.05182663,1.855990448
6.651093083,-3.584895172,-9.062753906,1.867516479
6.661020083,-3.602109375,-9.072483673,1.872007141
6.670947083,-3.621718597,-9.07981842,1.863774261
6.680874083,-3.612288208,-9.087602234,1.862876129
6.690801083,-3.596570892,-9.102271729,1.865570526
6.700729083,-3.600163422,-9.119336243,1.864822083
6.710656083,-3.592529297,-9.132808228,1.869911499
6.720583083,-3.569626923,-9.115444336,1.859433289
6.730510083,-3.533402252,-9.061855774,1.850451965
6.740437083,-3.502266998,-9.019643555,1.849553833
6.750365083,-3.48565155,-8.982071686,1.857786713
6.760292083,-3.469934235,-8.98042511,1.856439514
6.770219083,-3.498225403,-9.005722504,1.861977997
6.780146083,-3.536845093,-9.049281921,1.891915741
6.790073083,-3.594026184,-9.092541962,1.914369049
6.800001333,-3.63429245,-9.12083313,1.941911774
6.809928333,-3.688928833,-9.123078461,1.962119751
6.819855333,-3.707041168,-9.11140274,1.940863953
6.829782333,-3.680546265,-9.069190521,1.912872162
6.839709333,-3.630699921,-9.029073944,1.866618347
6.849636333,-3.565735016,-9.001830597,1.808389435
6.859564333,-3.516487427,-8.991202698,1.781445465
6.869491333,-3.476221161,-9.017248535,1.762285309
6.879418333,-3.448079681,-9.058412933,1.782193909
6.889345333,-3.453019409,-9.091643829,1.840722198
6.899272333,-3.480861511,-9.118138733,1.920805664
6.909200333,-3.516487427,-9.122180328,1.951940918
6.919127333,-3.561094666,-9.111702118,1.946252747
6.929054333,-3.60270813,-9.077124023,1.937870178
6.938981333,-3.633394318,-9.072633362,1.920955353
6.948908333,-3.634891205,-9.072483673,1.879790955
6.958836333,-3.627556458,-9.095386047,1.842368774
6.968763333,-3.596421204,-9.132808228,1.845661926
6.978690333,-3.550766144,-9.166188812,1.866768036
6.988617333,-3.513194275,-9.185648346,1.890568542
6.998544333,-3.468886414,-9.154662781,1.904040527
7.008472333,-3.453019409,-9.125323792,1.895358582
7.018399333,-3.439547424,-9.07517807,1.879042511
7.028326333,-3.445684662,-9.035660248,1.852697296
7.038253333,-3.45526474,-9.014404449,1.852098541
7.048180333,-3.466192017,-9.009913788,1.820963287
7.058107333,-3.484903107,-9.018296356,1.852098541
7.068035333,-3.519331512,-9.027726746,1.867516479
7.077962333,-3.571872253,-9.05766449,1.896256714
7.087889333,-3.623215485,-9.073232117,1.930535431
7.097816333,-3.67635498,-9.084458771,1.940115509
7.107743333,-3.684438171,-9.070388031,1.930086365
7.117671333,-3.667223969,-9.033863983,1.889820099
7.127598333,-3.63548996,-8.996292114,1.833836517
7.137525333,-3.576662292,-8.971144409,1.787582703
7.147452333,-3.532354431,-8.964707794,1.766476593
7.157379333,-3.49268692,-8.969497833,1.764081573
7.167307333,-3.475023651,-9.017098846,1.791624298
7.177234333,-3.507805481,-9.070088654,1.864373016
7.187161333,-3.553460541,-9.112899628,1.907034302
7.197088333,-3.600163422,-9.13250885,1.933379517
7.207015333,-3.638483734,-9.124874725,1.94939621
7.216943333,-3.668870544,-9.097182312,1.949695587
7.226870333,-3.678151245,-9.055119781,1.914518738
7.236797333,-3.672762451,-9.026379547,1.875300293
7.246724333,-3.65300354,-9.016350403,1.850302277
7.256651333,-3.629203033,-9.023834839,1.833387451
7.266578333,-3.60031311,-9.040599976,1.83114212
7.276506333,-3.571423187,-9.06694519,1.850451965
7.286433333,-3.55825058,-9.078171844,1.864522705
7.296360333,-3.554059296,-9.073082428,1.865570526
7.306287333,-3.544778595,-9.06350235,1.872306519
7.316214333,-3.535348206,-9.052425385,1.848506012
7.326142333,-3.542682953,-9.052575073,1.83114212
7.336069333,-3.541036377,-9.043444061,1.827250214
7.345996333,-3.529809723,-9.043144684,1.835183716
7.355923333,-3.5208284,-9.067244568,1.844464417
7.365850333,-3.511547699,-9.089548187,1.84057251
7.375777333,-3.510649567,-9.103618927,1.879641266
7.385705333,-3.517834625,-9.109307098,1.889221344
7.395632333,-3.528612213,-9.113049316,1.873953094
7.405559333,-3.538042603,-9.10676239,1.873504028
7.415486333,-3.562441864,-9.09269165,1.868264923
7.425413333,-3.574716339,-9.067244568,1.86272644
7.435341333,-3.578009491,-9.054371338,1.862127686
7.445268333,-3.573967896,-9.050778809,1.853296051
7.455195333,-3.567980347,-9.055718536,1.855990448
7.465122333,-3.551963654,-9.076824646,1.873803406
7.475049333,-3.534150696,-9.083710327,1.876348114
7.484976333,-3.50795517,-9.082512817,1.892364807
7.494904333,-3.501219177,-9.088500366,1.884281616
7.504831333,-3.51259552,-9.08341095,1.861379242
7.514758333,-3.50795517,-9.08341095,1.851499786
7.524685333,-3.519181824,-9.08221344,1.843566284
7.534612333,-3.538192291,-9.090296631,1.845661926
7.544540333,-3.552113342,-9.097481689,1.851350098
7.554467333,-3.562441864,-9.110953674,1.851948853
7.564394333,-3.580105133,-9.109007721,1.868564301
7.574321333,-3.575015717,-9.093440094,1.874701538
7.584248333,-3.580853577,-9.079219666,1.891766052
7.594176333,-3.581003265,-9.052425385,1.907932434
7.604103333,-3.577111359,-9.045240326,1.893562317
7.614030333,-3.59447525,-9.032367096,1.891017609
7.623957333,-3.602259064,-9.029822388,1.881886597
7.633884333,-3.594325562,-9.034313049,1.893412628
7.643811333,-3.593577118,-9.0283255,1.899998932
7.653739333,-3.59567276,-9.046288147,1.912123718
7.663666333,-3.586242371,-9.050778809,1.912123718
7.673593333,-3.572171631,-9.064550171,1.889071655
7.683520333,-3.561394043,-9.070238342,1.876048737
7.693447333,-3.565585327,-9.067693634,1.841620331
7.703375333,-3.556753693,-9.053173828,1.816921692
7.713302333,-3.553310852,-9.053024139,1.82066391
7.723229333,-3.552263031,-9.060358887,1.823058929
7.733156333,-3.54657486,-9.061406708,1.843715973
7.743083333,-3.54657486,-9.059909821,1.847458191
7.753010333,-3.560795288,-9.069190521,1.869312744
7.762938333,-3.565735016,-9.084458771,1.884730682
7.772865333,-3.576362915,-9.109606476,1.904190216
7.782792333,-3.585044861,-9.097332001,1.911375275
7.792719333,-3.585942993,-9.084608459,1.906136169
7.802645958,-3.57456665,-9.07981842,1.890269165
7.812573958,-3.559897156,-9.059161377,1.868115234
7.822500958,-3.552861786,-9.062155151,1.85808609
7.832427958,-3.535647583,-9.073082428,1.847757568
7.842354958,-3.521427155,-9.085656281,1.850751343
7.852281958,-3.509901123,-9.092242584,1.871558075
7.862208958,-3.511847076,-9.087003479,1.868115234
7.872136958,-3.513044586,-9.085805969,1.857786713
7.882063958,-3.531605988,-9.082812195,1.83817749
7.891990958,-3.545826416,-9.077423401,1.816173248
7.901917958,-3.547922058,-9.073830872,1.813329163
7.911844958,-3.553610229,-9.074579315,1.837279358
7.921772958,-3.564238129,-9.074429626,1.855990448
7.931699958,-3.568579102,-9.072783051,1.872007141
7.941626958,-3.569327545,-9.072633362,1.892664185
7.951553958,-3.574267273,-9.07637558,1.902393951
7.961480958,-3.580254822,-9.061855774,1.893712006
7.971407958,-3.579656067,-9.05766449,1.880689087
7.981335958,-3.581302643,-9.056616669,1.875150604
7.991262958,-3.561543732,-9.04239624,1.850901031
8.001189958,-3.560495911,-9.046737213,1.839824066
8.011116958,-3.555705872,-9.054970093,1.836231537
8.021043958,-3.549568634,-9.060059509,1.862427063
8.030971958,-3.563040619,-9.060807953,1.868564301
8.040898958,-3.579356689,-9.072783051,1.867217102
8.050825958,-3.602109375,-9.074279938,1.875449982
8.060752958,-3.611839142,-9.076525269,1.868713989
8.070679958,-3.611988831,-9.073381805,1.87095932
8.080606958,-3.601061554,-9.058412933,1.854942627
8.090534958,-3.581751709,-9.06230484,1.845811615
8.100461958,-3.568878479,-9.066346436,1.860331421
8.110388958,-3.55585556,-9.069040833,1.874402161
8.120315958,-3.541934509,-9.08101593,1.89086792
8.130242958,-3.546275482,-9.084309082,1.908082123
8.140169958,-3.560346222,-9.071585541,1.900747375
8.150097958,-3.561394043,-9.067543945,1.895807648
8.160024958,-3.565735016,-9.053772583,1.886526947
8.169951958,-3.56528595,-9.047934723,1.870210876
8.179878958,-3.56289093,-9.040450287,1.860930176
8.189805958,-3.547023926,-9.044042816,1.863325195
8.199733958,-3.536994781,-9.052724762,1.879790955
8.209660958,-3.522924042,-9.051527252,1.88263504
8.219587958,-3.522175598,-9.068741455,1.891766052
8.229514958,-3.521277466,-9.072932739,1.910926208
8.239441958,-3.535048828,-9.067993011,1.909279633
8.249368958,-3.540886688,-9.07398056,1.8991008
8.259296958,-3.563639374,-9.07053772,1.880539398
8.269223958,-3.560795288,-9.067394257,1.864672394
8.279150958,-3.559298401,-9.081914063,1.850002899
8.289077958,-3.553759918,-9.094487915,1.850901031
8.299004958,-3.53953949,-9.103020172,1.87095932
8.308932958,-3.534450073,-9.101373596,1.87335434
8.318859958,-3.544479218,-9.096882935,1.875449982
8.328786958,-3.550466766,-9.090146942,1.867965546
8.338713958,-3.553161163,-9.071884918,1.867815857
8.348640958,-3.573069763,-9.059311066,1.871707764
8.358567958,-3.59687027,-9.056916046,1.857936401
8.368495958,-3.591780853,-9.060358887,1.85344574
8.378422958,-3.597618713,-9.062005463,1.859732666
8.388349958,-3.60031311,-9.07517807,1.877845001
8.398276958,-3.591930542,-9.086105347,1.892963562
8.408203958,-3.57576416,-9.103020172,1.894011383
8.418130958,-3.576213226,-9.100475464,1.906734924
8.428058958,-3.584595795,-9.095236359,1.898052979
8.437985958,-3.583248596,-9.071585541,1.871707764
8.447912958,-3.586242371,-9.032816162,1.848206635
8.457839958,-3.585493927,-9.009165344,1.83817749
8.467766958,-3.586841125,-8.997040558,1.861977997
8.477693958,-3.5898349,-8.991651764,1.884131927
8.487621958,-3.590882721,-9.002728729,1.908980255
8.497548958,-3.597618713,-9.017098846,1.932780762
8.507475958,-3.612138519,-9.029373322,1.960473175
8.517402958,-3.628005524,-9.049132233,1.954485626
8.527329958,-3.646866302,-9.048683167,1.92709259
8.537257958,-3.647315369,-9.043444061,1.903441772
8.547184958,-3.637735291,-9.027577057,1.867217102
8.557111958,-3.645219727,-9.024583282,1.850451965
8.567038958,-3.627855835,-9.017398224,1.843266907
8.576965958,-3.62381424,-9.025780792,1.844913483
8.586892958,-3.620521088,-9.030271454,1.863624573
8.596820958,-3.611090698,-9.038204956,1.887574768
8.606747958,-3.611839142,-9.041647797,1.891915741
8.616674958,-3.605402527,-9.041647797,1.885479126
8.626601958,-3.587589569,-9.055568848,1.871857452
8.636528958,-3.583098907,-9.054371338,1.869911499
8.646455958,-3.573967896,-9.062604218,1.876647491
8.656383958,-3.575614471,-9.080866241,1.904639282
8.666310958,-3.572471008,-9.086255035,1.911375275
8.676237958,-3.585344238,-9.075776825,1.914818115
8.686164958,-3.570674744,-9.0681427,1.911524963
8.696091958,-3.54657486,-9.059460754,1.913470917
8.706018958,-3.552562408,-9.056317291,1.912423096
8.715946958,-3.546425171,-9.058862,1.915566559
8.725873958,-3.533252563,-9.072483673,1.932331696
8.735800958,-3.534749451,-9.084758148,1.939367065
8.745727958,-3.530558167,-9.090745697,1.945354614
8.755654958,-3.533402252,-9.086105347,1.94116333
8.765582958,-3.537593536,-9.074429626,1.925895081
8.775509958,-3.540587311,-9.067543945,1.924098816
8.785436958,-3.54298233,-9.062005463,1.916165314
8.795363958,-3.540737,-9.075327759,1.894460449
8.805291375,-3.537892914,-9.072034607,1.896556091
8.815218375,-3.532055054,-9.074429626,1.908082123
8.825146375,-3.529061279,-9.066047058,1.904040527
8.835073375,-3.529360657,-9.072034607,1.912722473
8.845000375,-3.540737,-9.072932739,1.902393951
8.854927375,-3.541036377,-9.065298615,1.899849243
8.864854375,-3.546874237,-9.053473206,1.898052979
8.874781375,-3.561992798,-9.053173828,1.906435547
8.884709375,-3.572770386,-9.042545929,1.916165314
8.894636375,-3.578458557,-9.0482341,1.928140411
8.904563375,-3.594175873,-9.052575073,1.943109283
8.914490375,-3.602558441,-9.042246552,1.946402435
8.924417375,-3.607198792,-9.052126007,1.930535431
8.934344375,-3.614533539,-9.052724762,1.924547882
8.944272375,-3.611689453,-9.045390015,1.913620605
8.954199375,-3.60734848,-9.04359375,1.901196442
8.964126375,-3.59327774,-9.036857758,1.911075897
8.974053375,-3.588038635,-9.044192505,1.917213135
8.983980375,-3.599564667,-9.042845306,1.927391968
8.993907375,-3.62141922,-9.038354645,1.92364975
9.003835375,-3.606749725,-9.023236084,1.914369049
9.013762375,-3.614533539,-9.016500092,1.917213135
9.023689375,-3.616629181,-9.014254761,1.905687103
9.033616375,-3.608845367,-9.024583282,1.913021851
9.043543375,-3.614533539,-9.027577057,1.92125473
9.053470375,-3.612288208,-9.036259003,1.934726715
9.063398375,-3.595523071,-9.038803711,1.925296326
9.073325375,-3.598516846,-9.044342194,1.936972046
9.083252375,-3.599714355,-9.050030365,1.94236084
9.093179375,-3.609144745,-9.044342194,1.929038544
9.103106375,-3.608995056,-9.045839081,1.911075897
9.113033375,-3.60734848,-9.03775589,1.906136169
9.122961375,-3.614982605,-9.040150909,1.895358582
9.132888375,-3.618575134,-9.042545929,1.905238037
9.142815375,-3.606600037,-9.049880676,1.901196442
9.152742375,-3.60031311,-9.044192505,1.92245224
9.162669375,-3.596421204,-9.05182663,1.928589478
9.172597375,-3.586691437,-9.048982544,1.937570801
9.182524375,-3.583248596,-9.042545929,1.92948761
9.192451375,-3.588936768,-9.0482341,1.91661438
9.202378375,-3.59806778,-9.052874451,1.912273407
9.212305375,-3.592529297,-9.050928497,1.905687103
9.222232375,-3.584446106,-9.031019897,1.906585236
9.232160375,-3.579057312,-9.028026123,1.905088348
9.242087375,-3.579356689,-9.022936707,1.918710022
9.252014375,-3.567082214,-9.033564606,1.919308777
9.261941375,-3.573518829,-9.053323517,1.9083815
9.271868375,-3.579805756,-9.068442078,1.911375275
9.281795375,-3.582051086,-9.094038849,1.917662201
9.291723375,-3.586242371,-9.10556488,1.924248505
9.301650375,-3.58399704,-9.089697876,1.925595703
9.311577375,-3.573219452,-9.066645813,1.910477142
9.321504375,-3.563938751,-9.038654022,1.90493866
9.331431375,-3.547323303,-9.01081192,1.900148621
9.341358375,-3.546874237,-9.002129974,1.908830566
9.351286375,-3.543132019,-9.01320694,1.930236053
9.361213375,-3.567980347,-9.035061493,1.954485626
9.371140375,-3.599414978,-9.061257019,1.947599945
9.381067375,-3.630699921,-9.068442078,1.951342163
9.390994375,-3.639082489,-9.06350235,1.955982513
9.400921375,-3.633394318,-9.06110733,1.938618622
9.410849375,-3.620521088,-9.036259003,1.926793213
9.420776375,-3.611240387,-9.026229858,1.903441772
9.430703375,-3.597618713,-9.026678925,1.88622757
9.440630375,-3.598965912,-9.025032349,1.887425079
9.450557375,-3.589385834,-9.028175812,1.914518738
9.460484375,-3.591780853,-9.042845306,1.910477142
9.470412375,-3.590433655,-9.047934723,1.917213135
9.480339375,-3.59567276,-9.053323517,1.933080139
9.490266375,-3.592379608,-9.045689392,1.923350372
9.500193375,-3.583697662,-9.037007446,1.917063446
9.510120375,-3.584895172,-9.027726746,1.897005157
9.520047375,-3.585942993,-9.037306824,1.884281616
9.529975375,-3.586392059,-9.040150909,1.878593445
9.539902375,-3.597169647,-9.046288147,1.890718231
9.549829375,-3.595972137,-9.061706085,1.89790329
9.559756375,-3.603157196,-9.063951416,1.913919983
9.569683375,-3.591331787,-9.072633362,1.920955353
9.579610375,-3.584895172,-9.076674957,1.933229828
9.589538375,-3.576063538,-9.072783051,1.930535431
9.599465375,-3.576213226,-9.061855774,1.912123718
9.609392375,-3.567531281,-9.063352661,1.907633057
9.619319375,-3.561992798,-9.066645813,1.891167297
9.629246375,-3.567830658,-9.056766357,1.899849243
9.639173375,-3.565884705,-9.057814178,1.90493866
9.649101375,-3.571572876,-9.055718536,1.910177765
9.659028375,-3.585493927,-9.058862,1.918859711
9.668955375,-3.593726807,-9.052724762,1.906435547
9.678882375,-3.589984589,-9.054820404,1.908082123
9.688809375,-3.605552216,-9.050479431,1.902244263
9.698736375,-3.595074005,-9.044042816,1.89550827
9.708664375,-3.587589569,-9.035959625,1.893113251
9.718591375,-3.577261047,-9.029373322,1.896107025
9.728518375,-3.577859802,-9.032067719,1.89086792
9.738445375,-3.590283966,-9.033714294,1.884580994
9.748372375,-3.586541748,-9.033863983,1.901046753
9.758299375,-3.587290192,-9.044042816,1.902992706
9.768227375,-3.600013733,-9.048982544,1.921853485
9.778154375,-3.611539764,-9.058562622,1.923350372
9.788081375,-3.613485718,-9.065597992,1.92484726
9.798008375,-3.612737274,-9.064550171,1.926194458
9.807932458,-3.617527313,-9.061855774,1.928589478
9.817859458,-3.618425446,-9.062753906,1.918410645
9.827787458,-3.607049103,-9.048683167,1.909279633
9.837714458,-3.60390564,-9.047186279,1.897753601
9.847641458,-3.609893188,-9.060658264,1.92709259
9.857568458,-3.637435913,-9.094787292,1.923949127
9.867495458,-3.692970428,-9.143286438,1.928140411
9.877422458,-3.767515411,-9.223369904,1.920805664
9.887350458,-3.822600861,-9.307345276,1.955982513
9.897277458,-3.858526154,-9.382489014,1.930236053
9.907204458,-3.930227051,-9.480385437,2.060165863
9.917131458,-4.022884369,-9.575587463,2.063459015
9.927058458,-4.042493591,-9.585766296,1.988614655
9.936985458,-4.041296082,-9.538165283,1.994153137
9.946912458,-3.98411499,-9.517657928,1.982926483
9.956840458,-3.881428528,-9.489067383,1.927242279
9.966767458,-3.733087006,-9.464668121,1.94355835
9.976694458,-3.605552216,-9.451196136,1.990560608
9.986621458,-3.530558167,-9.454189911,2.032323761
9.996548458,-3.477867737,-9.455986176,2.071542206
10.00647646,-3.450175323,-9.415270844,2.075583801
10.01640346,-3.48804657,-9.379345551,2.058519287
10.02633046,-3.56408844,-9.341623993,2.052531738
10.03625746,-3.6296521,-9.315129089,2.044598236
10.04618446,-3.666026459,-9.275012512,2.027533722
10.05611146,-3.703748016,-9.248667297,2.015259247
10.06603946,-3.714525604,-9.22022644,1.976340179
10.07596646,-3.70210144,-9.204060059,1.921853485
10.08589346,-3.694317627,-9.210346985,1.885479126
10.09582046,-3.660637665,-9.212442627,1.866917725
10.10574746,-3.623664551,-9.214089203,1.842967529
10.11567446,-3.588188324,-9.220675507,1.842668152
10.12560246,-3.572471008,-9.216484222,1.85688858
10.13552946,-3.542084198,-9.214987335,1.878144379
10.14545646,-3.541335754,-9.222920837,1.9083815
10.15538346,-3.53594696,-9.246272278,1.946552124
10.16531046,-3.538491669,-9.264384613,1.97394516
10.17523746,-3.572620697,-9.280700684,2.002835083
10.18516546,-3.601211243,-9.302854614,2.015408936
10.19509246,-3.658542023,-9.31857193,2.007475433
10.20501946,-3.699257355,-9.315578156,2.004481659
10.21494646,-3.727698212,-9.326954498,2.008074188
10.22487346,-3.781885529,-9.339378662,2.034269714
10.23480046,-3.82499588,-9.369466095,2.063159637
10.24472846,-3.874991913,-9.412277069,2.095791779
10.25465546,-3.932173004,-9.453591156,2.098037109
10.26458246,-3.97707962,-9.50583252,2.09324707
10.27450946,-3.977378998,-9.520352325,2.082319794
10.28443646,-3.964056702,-9.508975983,2.062710571
10.29436346,-3.931723938,-9.509125671,2.050585785
10.30429146,-3.873644714,-9.506431274,2.027384033
10.31421846,-3.832330627,-9.509574738,2.013313293
10.32414546,-3.793112183,-9.497449951,1.98562088
10.33407246,-3.754642181,-9.484876099,1.975442047
10.34399946,-3.725003815,-9.465715942,1.962718506
10.35392646,-3.722159729,-9.464069366,1.938468933
10.36385446,-3.708987122,-9.449549561,1.937121735
10.37378146,-3.726201324,-9.444609833,1.933828583
10.38370846,-3.748205566,-9.454040222,1.951192474
10.39363546,-3.765569458,-9.4636203,1.9681073
10.40356246,-3.784430237,-9.480984192,1.968855743
10.41348946,-3.811972961,-9.482630768,1.950444031
10.42341746,-3.838767242,-9.479786682,1.934427338
10.43334446,-3.858077087,-9.488019562,1.940414886
10.44327146,-3.863166504,-9.498348083,1.935774536
10.45319846,-3.843407593,-9.503138123,1.948348389
10.46312546,-3.834575958,-9.511520691,1.973496094
10.47305246,-3.817511444,-9.526639252,1.977088623
10.48298046,-3.797303467,-9.545949097,1.985321503
10.49290746,-3.781586151,-9.560319214,2.004032593
10.50283446,-3.77006012,-9.565708008,2.011816406
10.51276146,-3.762575684,-9.572893066,2.019300842
10.52268846,-3.756438446,-9.560917969,2.013462982
10.53261546,-3.734134827,-9.562863922,2.008672943
10.54254346,-3.719914398,-9.560618591,1.992057495
10.55247046,-3.707041168,-9.558073883,1.985770569
10.56239746,-3.717220001,-9.558672638,1.97978302
10.57232446,-3.721261597,-9.578730927,1.98098053
10.58225146,-3.73608078,-9.579179993,1.997895355
10.59217846,-3.775748291,-9.591753845,2.014810181
10.60210646,-3.807033234,-9.606722717,2.01256485
10.61203346,-3.825145569,-9.611363068,2.022144928
10.62196046,-3.853736115,-9.601184235,2.012714539
10.63188746,-3.859424286,-9.606273651,2.001038818
10.64181446,-3.86241806,-9.603579254,1.996997223
10.65174246,-3.858526154,-9.608668671,1.993404694
10.66166946,-3.867058411,-9.626032562,2.010918274
10.67159646,-3.863914948,-9.63336731,2.024390259
10.68152346,-3.865711212,-9.652228088,2.028431854
10.69145046,-3.858825531,-9.646689606,2.018253021
10.70137746,-3.860023041,-9.653724976,2.014510803
10.71130546,-3.86825592,-9.660610657,2.007325745
10.72123246,-3.879931641,-9.666448517,2.023791504
10.73115946,-3.865860901,-9.674831085,2.030228119
10.74108646,-3.851341095,-9.693691864,2.036515045
10.75101346,-3.850143585,-9.704170074,2.046394501
10.76094046,-3.844455414,-9.698930969,2.056872711
10.77086846,-3.859873352,-9.714797974,2.073937225
10.78079546,-3.86601059,-9.713899841,2.069446564
10.79072246,-3.875890045,-9.70581665,2.025737457
10.80064946,-3.855981445,-9.70357132,2.020947418
10.81057908,-3.851341095,-9.69414093,2.015708313
10.82050608,-3.853287048,-9.691596222,2.013912048
10.83043408,-3.847000122,-9.682165833,2.026336212
10.84036108,-3.848946075,-9.686357117,2.030677185
10.85028808,-3.871100006,-9.687704315,2.013313293
10.86021508,-3.901636505,-9.695937195,2.024839325
10.87014208,-3.8963974,-9.703421631,2.029928741
10.88006908,-3.904031525,-9.701625366,2.035167847
10.88999708,-3.918401642,-9.701325989,2.046693878
10.89992408,-3.919299774,-9.705966339,2.046993256
10.90985108,-3.923191681,-9.708361359,2.034868469
10.91977808,-3.911965027,-9.706864471,2.040406952
10.92970508,-3.910617828,-9.706565094,2.029928741
10.93963308,-3.905528412,-9.708061981,2.032174072
10.94956008,-3.914360046,-9.712552643,2.035616913
10.95948708,-3.908821564,-9.723928986,2.043999481
10.96941408,-3.906127167,-9.714648285,2.059417419
10.97934108,-3.895499268,-9.697883148,2.066153412
10.98926808,-3.913162537,-9.694889374,2.066901855
10.99919608,-3.927682343,-9.706864471,2.046544189
11.00912308,-3.955524445,-9.710007935,2.080822906
11.01905008,-3.999832306,-9.732311554,2.105371857
11.02897708,-4.012106781,-9.764195251,2.109862518
11.03890408,-4.0251297,-9.785301361,2.108814697
11.04883108,-4.009262695,-9.791438599,2.132166138
11.05875908,-3.993994446,-9.799671478,2.092199249
11.06868608,-3.957620087,-9.774374084,2.087558899
11.07861308,-3.917204132,-9.74563385,2.071841583
11.08854008,-3.895648956,-9.720037079,2.080224152
11.09846708,-3.881428528,-9.715396729,2.087558899
11.10839408,-3.874243469,-9.715097351,2.091301117
11.11832208,-3.882775726,-9.731712799,2.082170105
11.12824908,-3.901486816,-9.747430115,2.087259521
11.13817608,-3.920796661,-9.749974823,2.09100174
11.14810308,-3.925137634,-9.759405212,2.092498627
11.15803008,-3.901935883,-9.748328247,2.08396637
11.16795808,-3.884422302,-9.74563385,2.079176331
11.17788508,-3.882626038,-9.756411438,2.04295166
11.18781208,-3.860621796,-9.754166107,2.021097107
11.19773908,-3.852837982,-9.739646301,2.010768585
11.20766608,-3.844006348,-9.728868713,2.013163605
11.21759308,-3.837719421,-9.725874939,1.999841309
11.22752108,-3.836372223,-9.71644455,1.994602203
11.23744808,-3.841910706,-9.69069809,1.994901581
11.24737508,-3.840862885,-9.682614899,1.995500336
11.25730208,-3.848796387,-9.678273926,1.970352631
11.26722908,-3.85897522,-9.674382019,1.964365082
11.27715608,-3.874842224,-9.693242798,1.976639557
11.28708408,-3.879332886,-9.727371826,1.981429596
11.29701108,-3.922892303,-9.761800232,1.994452515
11.30693808,-3.943399658,-9.791438599,1.995350647
11.31686508,-3.946842499,-9.803563385,2.00433197
11.32679208,-3.951482849,-9.817634125,2.002386017
11.33672008,-3.952081604,-9.822124786,2.008373566
11.34664708,-3.950135651,-9.810149689,2.008672943
11.35657408,-3.91510849,-9.819280701,1.975591736
11.36650108,-3.878285065,-9.806407471,1.977238312
11.37642808,-3.852089539,-9.789792023,1.980232086
11.38635508,-3.819008331,-9.783355408,1.980082397
11.39628308,-3.809428253,-9.774972839,2.004182281
11.40621008,-3.797153778,-9.766290894,2.008822632
11.41613708,-3.798800354,-9.756411438,2.007475433
11.42606408,-3.836222534,-9.75386673,2.01376236
11.43599108,-3.872297516,-9.753417664,2.003433838
11.44591808,-3.911066895,-9.764195251,1.994302826
11.45584608,-3.948040009,-9.766889648,1.988614655
11.46577308,-3.974085846,-9.763746185,1.974843292
11.47570008,-3.976929932,-9.748927002,1.944157104
11.48562708,-3.959865417,-9.746082916,1.947300568
11.49555408,-3.920347595,-9.725425873,1.943857727
11.50548208,-3.881428528,-9.718540192,1.950294342
11.51540908,-3.84026413,-9.701325989,1.96930481
11.52533608,-3.824696503,-9.698631592,1.95643158
11.53526308,-3.808829498,-9.697284393,1.965861969
11.54519008,-3.816014557,-9.700128479,1.961670685
11.55511808,-3.844006348,-9.733209686,1.976489868
11.56504508,-3.877835999,-9.74563385,2.00433197
11.57497208,-3.909420319,-9.767189026,2.033970337
11.58489908,-3.948489075,-9.783804474,2.049837341
11.59482608,-3.96779892,-9.784403229,2.047891388
11.60475308,-3.963757324,-9.769434357,2.031725006
11.61468108,-3.950884094,-9.752070465,2.014660492
11.62460808,-3.930077362,-9.742340698,2.015259247
11.63453508,-3.904330902,-9.736053772,2.007774811
11.64446208,-3.873345337,-9.73395813,2.01600769
11.65438908,-3.850592651,-9.728569336,2.017803955
11.66431608,-3.838318176,-9.734706573,2.034868469
11.67424408,-3.848497009,-9.741143188,2.033970337
11.68417108,-3.842808838,-9.745035095,2.060315552
11.69409808,-3.8472995,-9.750423889,2.072889404
11.70402508,-3.868106232,-9.732610931,2.069147186
11.71395208,-3.881727905,-9.718989258,2.058968353
11.72388008,-3.875440979,-9.699829102,2.042203217
11.73380708,-3.865711212,-9.670939178,2.028731232
11.74373408,-3.842958527,-9.648336182,1.998194733
11.75366108,-3.815715179,-9.623188477,1.996248779
11.76358808,-3.790567474,-9.603279877,2.008373566
11.77351508,-3.778292999,-9.583371277,2.000440063
11.78344308,-3.761228485,-9.574539642,2.00433197
11.79337008,-3.770808563,-9.579329681,2.008972321
11.80329325,-3.784130859,-9.583221588,2.012864227
11.81322025,-3.799548798,-9.588161316,2.015558624
11.82314725,-3.813918915,-9.57828186,2.018103333
11.83307525,-3.832330627,-9.571845245,2.022593994
11.84300225,-3.842958527,-9.564660187,2.036664734
11.85292925,-3.852837982,-9.552236023,2.023342438
11.86285625,-3.848497009,-9.542506256,1.99849411
11.87278325,-3.842359772,-9.541159058,1.982028351
11.88271025,-3.834126892,-9.544452209,1.975292358
11.89263825,-3.819457397,-9.551936646,1.972148895
11.90256525,-3.808230743,-9.558672638,1.978286133
11.91249225,-3.80044693,-9.559870148,2.003733215
11.92241925,-3.803590393,-9.555229797,2.016756134
11.93234625,-3.805686035,-9.547595673,2.00672699
11.94227425,-3.815266113,-9.531129913,2.025587769
11.95220125,-3.822301483,-9.526489563,2.043400726
11.96212825,-3.840713196,-9.529932404,2.057770844
11.97205525,-3.861070862,-9.537267151,2.052082672
11.98198225,-3.887266388,-9.555379486,2.041903839
11.99190925,-3.892056427,-9.552685089,2.017654266
12.00183725,-3.885170746,-9.54909256,1.993554382
12.01176425,-3.867657166,-9.522447968,1.988464966
12.02169125,-3.830085297,-9.497449951,1.964365082
12.03161825,-3.801943817,-9.488468628,1.95987442
12.04154525,-3.791764984,-9.473948822,1.951342163
12.05147325,-3.772904205,-9.467961273,1.939367065
12.06140025,-3.771706696,-9.465117188,1.935475159
12.07132725,-3.775299225,-9.463470612,1.96571228
12.08125425,-3.777245178,-9.463171234,1.968706055
12.09118125,-3.780837708,-9.448052673,1.95523407
12.10110925,-3.763773193,-9.442364502,1.943857727
12.11103625,-3.766317902,-9.431437225,1.936073914
12.12096325,-3.769910431,-9.420509949,1.927691345
12.13089025,-3.768263855,-9.408534851,1.901645508
12.14081725,-3.771407318,-9.405990143,1.899549866
12.15074425,-3.778891754,-9.418264618,1.903441772
12.16067225,-3.771856384,-9.427545319,1.925146637
12.17059925,-3.772754517,-9.430239716,1.947899323
12.18052625,-3.774101715,-9.442214813,1.967957611
12.19045325,-3.765270081,-9.442214813,1.960772552
12.20038025,-3.769611053,-9.443861389,1.940265198
12.21030825,-3.765419769,-9.434730377,1.951491852
12.22023525,-3.763473816,-9.420659637,1.950294342
12.23016225,-3.744463348,-9.407187653,1.951940918
12.24008925,-3.742667084,-9.404942322,1.953437805
12.25001625,-3.73024292,-9.392667847,1.949695587
12.25994325,-3.724105682,-9.38877594,1.972597961
12.26987125,-3.720962219,-9.361083527,1.993105316
12.27979825,-3.709286499,-9.342222748,1.987566833
12.28972525,-3.705095215,-9.323062592,1.961970062
12.29965225,-3.692970428,-9.30689621,1.938019867
12.30957925,-3.683689728,-9.289981384,1.931583252
12.31950725,-3.687731323,-9.277706909,1.938319244
12.32943425,-3.696862335,-9.272767181,1.92364975
12.33936125,-3.707490234,-9.278305664,1.917362823
12.34928825,-3.722459106,-9.28114975,1.911075897
12.35921525,-3.739822998,-9.272467804,1.939067688
12.36914225,-3.759282532,-9.279503174,1.946701813
12.37907025,-3.78173584,-9.288933563,1.947749634
12.38899725,-3.789968719,-9.307195587,1.951042786
12.39892425,-3.782035217,-9.327702942,1.959425354
12.40885125,-3.77230545,-9.346414032,1.977388
12.41877825,-3.760330353,-9.341773682,1.987267456
12.42870625,-3.748654633,-9.338630219,2.000739441
12.43863325,-3.740272064,-9.340127106,2.000140686
12.44856025,-3.74895401,-9.339528351,1.994901581
12.45848725,-3.735332336,-9.341025238,1.988464966
12.46841425,-3.719315643,-9.338330841,1.999541931
12.47834125,-3.697311401,-9.325307922,2.005828857
12.48826925,-3.686833191,-9.312434692,2.001188507
12.49819625,-3.659889221,-9.281299438,1.988315277
12.50812325,-3.644920349,-9.260941772,1.980681152
12.51805025,-3.640729065,-9.245374146,1.969005432
12.52797725,-3.645519104,-9.231902161,1.958527222
12.53790525,-3.643872528,-9.215436401,1.958527222
12.54783225,-3.647764435,-9.211095428,1.953138428
12.55775925,-3.659440155,-9.201814728,1.937870178
12.56768625,-3.66467926,-9.190288696,1.918710022
12.57761325,-3.677253113,-9.17576889,1.917961578
12.58754025,-3.680396576,-9.176217957,1.915865936
12.59746825,-3.673660583,-9.168434143,1.915716248
12.60739525,-3.683839417,-9.170529785,1.913919983
12.61732225,-3.694467316,-9.18400177,1.927541656
12.62724925,-3.693419495,-9.18639679,1.940265198
12.63717625,-3.708538055,-9.191785583,1.957928467
12.64710425,-3.707190857,-9.199719086,1.954785004
12.65703125,-3.708687744,-9.20271286,1.974094849
12.66695825,-3.704945526,-9.18639679,1.959125977
12.67688525,-3.677402802,-9.167236633,1.953737183
12.68681225,-3.665278015,-9.151070251,1.947150879
12.69674025,-3.642974396,-9.13370636,1.943109283
12.70666725,-3.626808014,-9.132658539,1.94700119
12.71659425,-3.611240387,-9.148974609,1.968706055
12.72652125,-3.600911865,-9.163045349,2.001637573
12.73644825,-3.618425446,-9.161698151,1.9972966
12.74637525,-3.644471283,-9.16065033,1.974094849
12.75630325,-3.638783112,-9.148525543,1.94939621
12.76623025,-3.643872528,-9.122330017,1.935774536
12.77615725,-3.614234161,-9.092841339,1.921105042
12.78608425,-3.580105133,-9.037905579,1.918710022
12.79601125,-3.545826416,-9.007069702,1.927242279
12.80593908,-3.521277466,-9.010213165,1.923200684
12.81586608,-3.521127777,-9.004674683,1.913021851
12.82579308,-3.536695404,-9.004225616,1.89790329
12.83572008,-3.551664276,-9.005123749,1.901795197
12.84564708,-3.583847351,-9.022188263,1.928888855
12.85557408,-3.604654083,-9.026828613,1.935924225
12.86550208,-3.624712372,-9.017697601,1.927541656
12.87542908,-3.640579376,-9.005273438,1.929637299
12.88535608,-3.679797821,-9.006470947,1.927691345
12.89528308,-3.688180389,-9.002279663,1.896855469
12.90521008,-3.697161713,-9.00033371,1.892664185
12.91513808,-3.703149261,-9.020691376,1.902244263
12.92506508,-3.707789612,-9.0482341,1.916315002
12.93499208,-3.698808289,-9.068891144,1.926194458
12.94491908,-3.68578537,-9.09044632,1.925146637
12.95484608,-3.685336304,-9.111552429,1.922751617
12.96477308,-3.666475525,-9.123976593,1.92709259
12.97470108,-3.641627197,-9.124126282,1.931134186
12.98462808,-3.627107391,-9.123377838,1.933828583
12.99455508,-3.604654083,-9.109307098,1.926194458
13.00448208,-3.592529297,-9.098828888,1.929786987
13.01440908,-3.582350464,-9.077722778,1.94116333
13.02433708,-3.566633148,-9.049880676,1.946552124
13.03426408,-3.54417984,-9.029822388,1.958377533
13.04419108,-3.547772369,-9.006620636,1.949845276
13.05411808,-3.556005249,-8.994645538,1.938468933
13.06404508,-3.563040619,-8.988807678,1.945653992
13.07397208,-3.585643616,-8.989406433,1.954186249
13.08390008,-3.618724823,-8.994944916,1.918111267
13.09382708,-3.621568909,-8.984466705,1.898352356
13.10375408,-3.611689453,-8.976682892,1.878144379
13.11368108,-3.604205017,-8.96051651,1.836081848
13.12360808,-3.586541748,-8.951235809,1.831591187
13.13353608,-3.554658051,-8.964857483,1.831291809
13.14346308,-3.513343964,-8.958271179,1.832938385
13.15339008,-3.480861511,-8.96291153,1.844913483
13.16331708,-3.478316803,-8.949439545,1.871558075
13.17324408,-3.48924408,-8.933123474,1.889371033
13.18317208,-3.499871979,-8.933123474,1.879790955
13.19309908,-3.497926025,-8.932375031,1.872007141
13.20302608,-3.528612213,-8.942104797,1.88383255
13.21295308,-3.555406494,-8.98506546,1.917662201
13.22288008,-3.590882721,-9.026379547,1.944456482
13.23280708,-3.644920349,-9.067843323,1.950593719
13.24273508,-3.715124359,-9.106463013,1.947450256
13.25266208,-3.782633972,-9.13954422,1.942211151
13.26258908,-3.822600861,-9.157656555,1.947899323
13.27251608,-3.833079071,-9.17352356,1.935924225
13.28244308,-3.820804596,-9.181906128,1.912872162
13.29237108,-3.780688019,-9.157357178,1.89206543
13.30229808,-3.714076538,-9.13834671,1.887874146
13.31222508,-3.647764435,-9.096433868,1.8791922
13.32215208,-3.598217468,-9.065747681,1.880689087
13.33207908,-3.541186066,-9.043893127,1.880240021
13.34200608,-3.5208284,-9.036109314,1.88503006
13.35193408,-3.52666626,-9.024283905,1.902693329
13.36186108,-3.553759918,-9.003327484,1.914518738
13.37178808,-3.585643616,-8.98162262,1.914069672
13.38171508,-3.632795563,-8.974736938,1.912722473
13.39164208,-3.683090973,-8.986562347,1.904339905
13.40157008,-3.715423737,-9.005572815,1.906734924
13.41149708,-3.725901947,-9.015452271,1.911075897
13.42142408,-3.736529846,-9.031169586,1.908680878
13.43135108,-3.735482025,-9.053473206,1.898801422
13.44127808,-3.71617218,-9.058412933,1.8791922
13.45120508,-3.695365448,-9.070238342,1.876048737
13.46113308,-3.662882996,-9.090596008,1.900747375
13.47106008,-3.635939026,-9.125174103,1.933529205
13.48098708,-3.594026184,-9.137298889,1.942510529
13.49091408,-3.548221436,-9.1079599,1.956880646
13.50084108,-3.511697388,-9.07398056,1.974843292
13.51076908,-3.485352173,-9.030421143,1.973496094
13.52069608,-3.465593262,-8.987909546,1.955533447
13.53062308,-3.44703186,-8.956774292,1.931732941
13.54055008,-3.446882172,-8.954528961,1.927691345
13.55047708,-3.472329254,-8.970695343,1.939516754
13.56040408,-3.485052795,-8.98386795,1.948049011
13.57033208,-3.502266998,-8.991651764,1.94116333
13.58025908,-3.542533264,-9.00617157,1.92948761
13.59018608,-3.585493927,-9.011260986,1.935624847
13.60011308,-3.604953461,-8.995992737,1.915716248
13.61004008,-3.620072021,-8.985514526,1.905238037
13.61996808,-3.639381866,-8.980125732,1.92364975
13.62989508,-3.650458832,-9.002129974,1.914967804
13.63982208,-3.6588414,-9.015003204,1.918260956
13.64974908,-3.668122101,-9.049132233,1.92948761
13.65967608,-3.661535797,-9.078022156,1.94236084
13.66960408,-3.641477509,-9.095685425,1.957778778
13.67953108,-3.615880737,-9.098230133,1.971699829
13.68945808,-3.588188324,-9.108109589,1.984273682
13.69938508,-3.570824432,-9.099876709,1.990410919
13.70931208,-3.57232132,-9.088200989,1.967508545
13.71923908,-3.572171631,-9.070837097,1.962419128
13.72916708,-3.572920074,-9.056317291,1.945953369
13.73909408,-3.577710114,-9.031618652,1.934726715
13.74902108,-3.562292175,-9.022787018,1.91661438
13.75894808,-3.569477234,-9.00617157,1.924098816
13.76887508,-3.583847351,-8.985963593,1.919458466
13.77880308,-3.593726807,-8.978778534,1.924248505
13.78873008,-3.614683228,-8.973689117,1.918410645
13.79865708,-3.642225952,-8.987909546,1.91541687
13.80858408,-3.650009766,-8.994346161,1.920805664
13.81851108,-3.67051712,-9.013356628,1.91421936
13.82843808,-3.660338287,-9.022936707,1.884131927
13.83836608,-3.642974396,-9.027427368,1.878294067
13.84829308,-3.615281982,-9.025631104,1.895807648
13.85822008,-3.60615097,-9.028624878,1.889071655
13.86814708,-3.585942993,-9.037306824,1.899849243
13.87807408,-3.572171631,-9.05646698,1.893262939
13.88800208,-3.564836884,-9.06350235,1.918260956
13.89792908,-3.564537506,-9.08685379,1.914518738
13.90785608,-3.557801514,-9.092392273,1.915267181
13.91778308,-3.547922058,-9.083261261,1.925146637
13.92771008,-3.540138245,-9.079069977,1.931433563
13.93763708,-3.551065521,-9.074579315,1.946701813
13.94756508,-3.551364899,-9.06469986,1.957329712
13.95749208,-3.57112381,-9.053323517,1.94580368
13.96741908,-3.60151062,-9.043294373,1.926044769
13.97734608,-3.636537781,-9.023834839,1.908082123
13.98727308,-3.666625214,-9.015003204,1.900597687
13.99720108,-3.707939301,-9.02248764,1.903292084
14.00712808,-3.763473816,-9.027277679,1.895657959
14.01705508,-3.807332611,-9.034313049,1.888023834
14.02698208,-3.873644714,-9.036109314,1.894610138
14.03690908,-3.913611603,-9.057963867,1.862427063
14.04683608,-3.932322693,-9.06350235,1.817221069
14.05676408,-3.918551331,-9.054670715,1.797761536
14.06669108,-3.877985687,-9.046587524,1.778751068
14.07661808,-3.799997864,-9.037157135,1.765728149
14.08654508,-3.716471558,-9.033863983,1.736688538
14.09647208,-3.617677002,-9.025331726,1.724114685
14.10640008,-3.548670502,-9.04239624,1.734143829
14.11632708,-3.476819916,-9.059011688,1.737736359
14.12625408,-3.430566101,-9.055718536,1.777104492
14.13618108,-3.409459991,-9.036408691,1.827100525
14.14610808,-3.407214661,-9.049581299,1.865271149
14.15603608,-3.432512054,-9.07517807,1.89206543
14.16596308,-3.443738708,-9.087901611,1.936073914
14.17589008,-3.470832367,-9.090146942,1.956880646
14.18581708,-3.526965637,-9.076824646,1.986219635
14.19574408,-3.553161163,-9.063352661,1.989363098
14.20567108,-3.571273499,-9.059460754,1.972148895
14.21559908,-3.595373383,-9.060059509,1.978735199
14.22552608,-3.607647858,-9.062753906,1.944007416
14.23545308,-3.595074005,-9.065747681,1.941313019
14.24538008,-3.589236145,-9.062155151,1.966460724
14.25530708,-3.576811981,-9.075028381,1.975891113
14.26523508,-3.559597778,-9.085207214,2.004930725
14.27516208,-3.543132019,-9.108558655,2.00313446
14.28508908,-3.522175598,-9.120384064,2.002984772
14.29501608,-3.517535248,-9.139843597,2.000589752
14.30494308,-3.499871979,-9.134604492,2.002685394
14.31487108,-3.453767853,-9.115743713,1.975891113
14.32479808,-3.430117035,-9.093589783,1.984573059
14.33472508,-3.418441315,-9.074579315,1.997146912
14.34465208,-3.451372833,-9.068891144,2.007176056
14.35457908,-3.487747192,-9.025182037,2.000440063
14.36450608,-3.516487427,-8.99329834,1.977687378
14.37443408,-3.548371124,-8.988807678,1.964664459
14.38436108,-3.563639374,-8.994944916,1.972148895
14.39428808,-3.571572876,-9.021140442,1.976040802
14.40421508,-3.554807739,-9.021739197,1.99145874
14.41414208,-3.563040619,-9.011710052,2.014361115
14.42407008,-3.568429413,-8.99090332,2.007176056
14.43399708,-3.584745483,-8.963959351,1.98681839
14.44392408,-3.590134277,-8.941506042,1.984722748
14.45385108,-3.622916107,-8.952732697,1.97978302
14.46377808,-3.680097198,-8.966953125,1.970352631
14.47370608,-3.726800079,-9.001231842,1.970801697
14.48363308,-3.778891754,-9.014554138,1.94700119
14.49356008,-3.811673584,-9.027127991,1.93293045
14.50348708,-3.835474091,-9.051527252,1.953138428
14.51341408,-3.830384674,-9.048533478,1.929936676
14.52334108,-3.831582184,-9.045689392,1.893412628
14.53326908,-3.803590393,-9.044042816,1.885628815
14.54319608,-3.74895401,-9.020092621,1.847308502
14.55312308,-3.689976654,-8.991053009,1.837129669
14.56305008,-3.62261673,-8.968899078,1.849104767
14.57297708,-3.582649841,-8.941955109,1.846260681
14.58290508,-3.561094666,-8.922794952,1.848506012
14.59283208,-3.554807739,-8.913214874,1.845063171
14.60275908,-3.568429413,-8.912466431,1.863025818
14.61268608,-3.604205017,-8.946894836,1.865570526
14.62261308,-3.628005524,-8.974138184,1.89550827
14.63254008,-3.663631439,-8.998537445,1.918560333
14.64246808,-3.694617004,-9.013057251,1.926793213
14.65239508,-3.713028717,-9.031169586,1.912423096
14.66232208,-3.726650391,-9.041049042,1.878144379
14.67224908,-3.700604553,-9.04479126,1.842219086
14.68217608,-3.682043152,-9.062155151,1.819167023
14.69210408,-3.652255096,-9.093589783,1.809736633
14.70203108,-3.599115601,-9.11379776,1.829645233
14.71195808,-3.543880463,-9.123228149,1.851948853
14.72188508,-3.508404236,-9.134604492,1.870809631
14.73181208,-3.487298126,-9.146130524,1.888622589
14.74174008,-3.460204468,-9.142088928,1.903591461
14.75166708,-3.444337463,-9.141490173,1.923200684
14.76159408,-3.448079681,-9.135802002,1.941762085
14.77152108,-3.455863495,-9.112899628,1.959575043
14.78144808,-3.455115051,-9.086704102,1.945354614
14.79137508,-3.45990509,-9.05526947,1.931433563
14.80130308,-3.472478943,-9.023535461,1.914518738
14.81123083,-3.486250305,-9.006620636,1.911375275
14.82115783,-3.513643341,-8.979676666,1.9083815
14.83108483,-3.561094666,-8.979526978,1.878443756
14.84101183,-3.62261673,-8.996890869,1.881287842
14.85093983,-3.680246887,-9.018895111,1.887425079
14.86086683,-3.709585876,-9.04598877,1.894460449
14.87079383,-3.724854126,-9.071585541,1.885778503
14.88072083,-3.722309418,-9.086554413,1.88503006
14.89064783,-3.719914398,-9.101373596,1.885778503
14.90057583,-3.706442413,-9.108708344,1.895957336
14.91050283,-3.671115875,-9.112001495,1.890119476
14.92042983,-3.629951477,-9.101672974,1.895957336
14.93035683,-3.580853577,-9.082512817,1.899250488
14.94028383,-3.551963654,-9.075327759,1.916315002
14.95021083,-3.533402252,-9.062155151,1.911225586
14.96013883,-3.532055054,-9.035660248,1.910926208
14.97006583,-3.549418945,-9.032965851,1.918410645
14.97999283,-3.563639374,-9.027876434,1.937870178
14.98991983,-3.610791321,-9.044641571,1.963317261
14.99984683,-3.64716568,-9.060209198,1.968256989
15.00977483,-3.693120117,-9.070088654,1.943857727
15.01970183,-3.742816772,-9.068442078,1.91781189
15.02962883,-3.786974945,-9.051676941,1.878294067
15.03955583,-3.794758759,-9.036109314,1.824705505
15.04948283,-3.763324127,-9.021589508,1.785337372
15.05941083,-3.711082764,-9.011410675,1.763931885
15.06933783,-3.656446381,-9.016350403,1.782942352
15.07926483,-3.604055328,-9.022637329,1.782343597
15.08919183,-3.546125793,-9.021589508,1.794618073
15.09911883,-3.510799255,-9.017996979,1.820963287
15.10904583,-3.505859528,-9.034612427,1.855391693
15.11897383,-3.515140228,-9.0482341,1.89790329
15.12890083,-3.510499878,-9.041797485,1.916315002
15.13882783,-3.523522797,-9.028175812,1.911674652
15.14875483,-3.545077972,-9.023984528,1.930086365
15.15868183,-3.557352448,-8.995094604,1.911075897
15.16860983,-3.566633148,-8.96635437,1.896107025
15.17853683,-3.584146729,-8.972641296,1.906435547
15.18846383,-3.607947235,-8.967701569,1.905238037
15.19839083,-3.612288208,-8.985514526,1.9083815
15.20831783,-3.6296521,-9.010213165,1.916913757
15.21824583,-3.65180603,-9.046886902,1.938468933
15.22817283,-3.676055603,-9.072034607,1.960772552
15.23809983,-3.659889221,-9.076974335,1.973196716
15.24802683,-3.64132782,-9.071286163,1.960622864
15.25795383,-3.624862061,-9.066047058,1.952389984
15.26788083,-3.600462799,-9.073082428,1.958078156
15.27780883,-3.599115601,-9.087302856,1.974843292
15.28773583,-3.614533539,-9.095984802,1.966311035
15.29766283,-3.644920349,-9.107361145,1.963317261
15.30758983,-3.652554474,-9.109905853,1.942211151
15.31751683,-3.647914124,-9.108259277,1.954485626
15.32744483,-3.645219727,-9.105265503,1.965861969
15.33737183,-3.631448364,-9.090895386,1.961820374
15.34729883,-3.618275757,-9.078620911,1.957030334
15.35722583,-3.602558441,-9.063202972,1.94700119
15.36715283,-3.58863739,-9.040450287,1.938319244
15.37708083,-3.572021942,-9.015901337,1.942510529
15.38700783,-3.568130035,-9.000184021,1.938618622
15.39693483,-3.571872253,-8.985963593,1.919009399
15.40686183,-3.58863739,-8.978179779,1.905238037
15.41678883,-3.599714355,-8.955277405,1.894759827
15.42671683,-3.603306885,-8.946894836,1.880389709
15.43664383,-3.62381424,-8.951235809,1.883383484
15.44657083,-3.630101166,-8.949589233,1.8592836
15.45649783,-3.646117859,-8.965905304,1.86512146
15.46642483,-3.672014008,-8.986412659,1.880240021
15.47635183,-3.67410965,-9.00497406,1.89086792
15.48627983,-3.671564941,-9.01784729,1.886676636
15.49620683,-3.656895447,-9.03311554,1.879042511
15.50613383,-3.659889221,-9.052874451,1.8884729
15.51606083,-3.651955719,-9.077722778,1.910327454
15.52598783,-3.649261322,-9.091793518,1.933529205
15.53591583,-3.653452606,-9.097332001,1.949096832
15.54584283,-3.637735291,-9.112899628,1.951491852
15.55576983,-3.627107391,-9.103618927,1.956880646
15.56569683,-3.60854599,-9.087003479,1.954934692
15.57562383,-3.590283966,-9.056167603,1.941013641
15.58555083,-3.585493927,-9.032516785,1.936822357
15.59547883,-3.590283966,-9.027726746,1.945055237
15.60540583,-3.590882721,-9.017398224,1.945504303
15.61533283,-3.597768402,-9.020391998,1.946552124
15.62525983,-3.635789337,-9.016350403,1.927541656
15.63518683,-3.648213501,-8.995244293,1.899998932
15.64511483,-3.653602295,-8.984766083,1.875899048
15.65504183,-3.66467926,-8.963210907,1.863025818
15.66496883,-3.685635681,-8.957373047,1.864373016
15.67489583,-3.719914398,-8.981772308,1.867965546
15.68482283,-3.732488251,-9.018895111,1.859433289
15.69475083,-3.759132843,-9.015901337,1.872905273
15.70467783,-3.764671326,-9.000633087,1.875899048
15.71460483,-3.773353271,-9.004075928,1.842668152
15.72453183,-3.751648407,-9.003477173,1.840871887
15.73445883,-3.734434204,-9.003327484,1.840871887
15.74438683,-3.722758484,-9.001381531,1.834584961
15.75431383,-3.696862335,-9.005273438,1.84401535
15.76424083,-3.640429688,-9.001531219,1.848056946
15.77416783,-3.581901398,-9.01784729,1.868414612
15.78409483,-3.506907349,-9.022188263,1.888023834
15.79402283,-3.470383301,-9.013356628,1.906435547
15.80394983,-3.45062439,-9.025331726,1.9282901
15.81387633,-3.456013184,-9.026978302,1.942660217
15.82380333,-3.454516296,-9.031169586,1.938169556
15.83373033,-3.469185791,-9.035510559,1.951192474
15.84365733,-3.513493652,-9.028475189,1.969005432
15.85358533,-3.543880463,-9.025032349,1.986968079
15.86351233,-3.586092682,-9.036109314,2.002535706
15.87343933,-3.632047119,-9.066196747,2.023791504
15.88336633,-3.679498444,-9.103768616,2.037413177
15.89329333,-3.700305176,-9.138496399,2.03007843
15.90322133,-3.701502686,-9.169481964,2.022294617
15.91314833,-3.69626358,-9.196425934,2.009122009
15.92307533,-3.653602295,-9.196575623,1.978435822
15.93300233,-3.575614471,-9.192833405,1.949845276
15.94292933,-3.498075714,-9.165440369,1.933978271
15.95285633,-3.429069214,-9.140142975,1.949994965
15.96278433,-3.376678162,-9.10915741,1.938468933
15.97271133,-3.356170807,-9.071435852,1.947150879
15.98263833,-3.360960846,-9.033863983,1.960772552
15.99256533,-3.391347656,-8.996142426,1.949545898
16.00249233,-3.447929993,-8.987310791,1.95987442
16.01242033,-3.503464508,-8.974437561,1.976489868
16.02234733,-3.545676727,-8.968300323,1.980381775
16.03227433,-3.581751709,-8.988508301,1.984573059
16.04220133,-3.634891205,-8.990603943,1.999092865
16.05212833,-3.651955719,-8.99090332,1.97514267
16.06205633,-3.66348175,-9.002728729,1.972597961
16.07198333,-3.67051712,-9.007069702,1.980830841
16.08191033,-3.66707428,-9.004225616,2.01136734
16.09183733,-3.692371674,-9.000483398,2.022294617
16.10176433,-3.728446655,-9.007518768,2.009870453
16.11169233,-3.764671326,-9.00961441,1.998344421
16.12161933,-3.790866852,-9.022038574,1.987566833
16.13154633,-3.77589798,-9.034462738,1.979333954
16.14147333,-3.763174438,-9.015601959,1.980681152
16.15140033,-3.74431366,-8.993897095,1.967807922
16.16132733,-3.722159729,-8.962163086,1.925146637
16.17125533,-3.71617218,-8.944200439,1.896256714
16.18118233,-3.697161713,-8.937614136,1.883233795
16.19110933,-3.695964203,-8.930429077,1.868115234
16.20103633,-3.696712646,-8.95348114,1.867815857
16.21096333,-3.686683502,-8.968150635,1.855840759
16.22089133,-3.688479767,-8.96755188,1.833237762
16.23081833,-3.654500427,-8.976084137,1.810934143
16.24074533,-3.632047119,-8.97803009,1.81482605
16.25067233,-3.624712372,-8.989855499,1.828747101
16.26059933,-3.62141922,-9.019793243,1.849404144
16.27052733,-3.64836319,-9.039402466,1.876497803
16.28045433,-3.670217743,-9.05407196,1.897304535
16.29038133,-3.672313385,-9.062903595,1.909728699
16.30030833,-3.676504669,-9.0681427,1.925745392
16.31023533,-3.67171463,-9.066047058,1.917362823
16.32016233,-3.661835175,-9.056766357,1.917662201
16.33009033,-3.646117859,-9.054221649,1.916913757
16.34001733,-3.653302917,-9.072483673,1.922003174
16.34994433,-3.666026459,-9.099277954,1.921404419
16.35987133,-3.653302917,-9.121581573,1.91197403
16.36979833,-3.641477509,-9.126221924,1.906884613
16.37972633,-3.613785095,-9.120234375,1.903441772
16.38965333,-3.598516846,-9.106612701,1.900747375
16.39958033,-3.558549957,-9.082662506,1.885179749
16.40950733,-3.528612213,-9.071136475,1.88383255
16.41943433,-3.498674469,-9.069489899,1.904190216
16.42936233,-3.480562134,-9.060957642,1.9083815
16.43928933,-3.466641083,-9.045390015,1.914668427
16.44921633,-3.477718048,-9.044192505,1.928888855
16.45914333,-3.509901123,-9.04479126,1.934277649
16.46907033,-3.543281708,-9.038055267,1.948647766
16.47899833,-3.564537506,-9.024283905,1.932331696
16.48892533,-3.583547974,-9.009913788,1.943109283
16.49885233,-3.607797546,-9.008865967,1.931433563
16.50877933,-3.610791321,-9.014853516,1.918111267
16.51870633,-3.619922333,-9.0283255,1.934427338
16.52863333,-3.610791321,-9.042096863,1.947599945
16.53856133,-3.612737274,-9.058562622,1.95643158
16.54848833,-3.623664551,-9.074579315,1.9681073
16.55841533,-3.631747742,-9.077872467,1.950294342
16.56834233,-3.639830933,-9.079369354,1.901495819
16.57826933,-3.630999298,-9.07398056,1.851350098
16.58819733,-3.612288208,-9.04479126,1.804647217
16.59812433,-3.594924316,-9.025631104,1.762734375
16.60805133,-3.562591553,-9.01081192,1.756447449
16.61797833,-3.52786377,-9.007818146,1.777852936
16.62790533,-3.501668243,-8.999585266,1.825603638
16.63783233,-3.490291901,-9.001381531,1.884580994
16.64776033,-3.508703613,-9.012308807,1.945354614
16.65768733,-3.541335754,-9.022038574,1.979932709
16.66761433,-3.563938751,-9.031319275,1.99849411
16.67754133,-3.598965912,-9.032965851,1.999541931
16.68746833,-3.62725708,-9.034762115,2.006876678
16.69739633,-3.659140778,-9.056616669,2.020498352
16.70732333,-3.67994751,-9.080417175,2.017803955
16.71725033,-3.690575409,-9.087901611,1.986069946
16.72717733,-3.692221985,-9.097930756,2.024090881
16.73710433,-3.676953735,-9.104067993,2.006277924
16.74703233,-3.667373657,-9.107510834,1.941313019
16.75695933,-3.643124084,-9.081764374,1.932331696
16.76688633,-3.624862061,-9.064849548,1.936672668
16.77681333,-3.60615097,-9.057963867,1.948498077
16.78674033,-3.57232132,-9.07517807,1.953587494
16.79666733,-3.551963654,-9.081914063,1.966011658
16.80659533,-3.524420929,-9.095984802,1.996398468
16.81652221,-3.516786804,-9.085506592,2.01376236
16.82644921,-3.509302368,-9.065747681,2.014061737
16.83637621,-3.497177582,-9.01664978,1.995500336
16.84630321,-3.501518555,-8.978628845,1.999541931
16.85623121,-3.50556015,-8.947194214,1.995350647
16.86615821,-3.51723587,-8.935368805,2.003733215
16.87608521,-3.536545715,-8.954229584,2.029180298
16.88601221,-3.558549957,-8.974736938,2.0172052
16.89593921,-3.591631165,-8.989705811,2.03247345
16.90586621,-3.62725708,-9.024134216,2.041454773
16.91579421,-3.639980621,-9.056167603,2.042352905
16.92572121,-3.625011749,-9.057514801,2.007625122
16.93564821,-3.607198792,-9.056766357,1.982028351
16.94557521,-3.557951202,-9.072034607,1.943708038
16.95550221,-3.521876221,-9.084159393,1.927691345
16.96543021,-3.492237854,-9.086255035,1.951940918
16.97535721,-3.480711823,-9.103469238,1.971400452
16.98528421,-3.481460266,-9.117689667,1.97858551
16.99521121,-3.487298126,-9.098978577,1.967059479
17.00513821,-3.496728516,-9.077124023,1.960173798
17.01506621,-3.503314819,-9.051976318,1.947150879
17.02499321,-3.506458282,-9.041947174,1.931732941
17.03492021,-3.508254547,-9.018296356,1.945354614
17.04484721,-3.526965637,-9.020691376,1.967209167
17.05477421,-3.554208984,-9.028175812,1.973346405
17.06470121,-3.571423187,-9.029822388,1.958078156
17.07462921,-3.594924316,-9.028026123,1.943258972
17.08455621,-3.625311127,-9.030870209,1.930834808
17.09448321,-3.650159454,-9.028774567,1.933080139
17.10441021,-3.663930817,-9.033265228,1.929786987
17.11433721,-3.67410965,-9.030421143,1.939067688
17.12426521,-3.687731323,-9.038204956,1.930086365
17.13419221,-3.701802063,-9.037456512,1.916015625
17.14411921,-3.705095215,-9.025032349,1.89086792
17.15404621,-3.708088989,-9.006920013,1.878294067
17.16397321,-3.708538055,-9.001680908,1.876048737
17.17390121,-3.6986586,-9.012159119,1.886826324
17.18382821,-3.696113892,-9.022337952,1.912872162
17.19375521,-3.661685486,-9.03191803,1.912273407
17.20368221,-3.640579376,-9.044940948,1.920955353
17.21360921,-3.611390076,-9.031019897,1.922003174
17.22353621,-3.573219452,-9.01200943,1.889071655
17.23346421,-3.561992798,-9.002279663,1.871109009
17.24339121,-3.531905365,-8.98506546,1.857936401
17.25331821,-3.545676727,-8.972641296,1.866618347
17.26324521,-3.55705307,-8.970545654,1.895657959
17.27317221,-3.563789062,-8.980125732,1.898651733
17.28310021,-3.563789062,-8.98626297,1.905238037
17.29302721,-3.597019958,-9.008267212,1.913021851
17.30295421,-3.629352722,-9.027876434,1.932331696
17.31288121,-3.647015991,-9.035809937,1.927691345
17.32280821,-3.642225952,-9.05526947,1.933828583
17.33273521,-3.648063812,-9.084608459,1.932631073
17.34266321,-3.657344513,-9.106912079,1.933229828
17.35259021,-3.663631439,-9.150770874,1.942809906
17.36251721,-3.66123642,-9.130113831,1.917662201
17.37244421,-3.639980621,-9.098379822,1.875449982
17.38237121,-3.594026184,-9.102571106,1.848206635
17.39229921,-3.551813965,-9.089398499,1.879341888
17.40222621,-3.559597778,-9.065148926,1.887125702
17.41215321,-3.554508362,-9.045539703,1.873953094
17.42208021,-3.556753693,-9.032516785,1.875899048
17.43200721,-3.568279724,-9.053024139,1.888622589
17.44193521,-3.584895172,-9.084907837,1.937271423
17.45186221,-3.588936768,-9.089997253,1.967807922
17.46178921,-3.60151062,-9.091643829,1.975292358
17.47171621,-3.636088715,-9.086255035,1.992805939
17.48164321,-3.656296692,-9.066795502,1.961670685
17.49157021,-3.679648132,-9.039851532,1.91197403
17.50149821,-3.667673035,-9.011111298,1.904339905
17.51142521,-3.642225952,-8.999435577,1.892963562
17.52135221,-3.629801788,-8.970545654,1.895059204
17.53127921,-3.611539764,-8.968150635,1.918260956
17.54120621,-3.604504395,-8.979976044,1.913171539
17.55113421,-3.609444122,-9.022038574,1.920655975
17.56106121,-3.616928558,-9.060807953,1.918859711
17.57098821,-3.608995056,-9.088799744,1.950294342
17.58091521,-3.618874512,-9.104966125,1.958826599
17.59084221,-3.632496185,-9.103020172,1.963167572
17.60076921,-3.6389328,-9.091045074,1.94580368
17.61069721,-3.618126068,-9.045240326,1.917512512
17.62062421,-3.596421204,-9.009464722,1.913620605
17.63055121,-3.572021942,-8.989256744,1.909129944
17.64047821,-3.556304626,-8.984167328,1.930236053
17.65040521,-3.560495911,-8.978928223,1.952240295
17.66033321,-3.568279724,-8.987610168,1.976489868
17.67026021,-3.582949219,-8.98162262,1.987417145
17.68018721,-3.589385834,-8.975036316,1.988315277
17.69011421,-3.599864044,-8.963809662,1.983525238
17.70004121,-3.612587585,-8.969497833,1.970801697
17.70996821,-3.623065796,-8.991502075,1.991907806
17.71989621,-3.61438385,-8.996441803,2.003583527
17.72982321,-3.608995056,-8.992998962,2.011816406
17.73975021,-3.60615097,-8.981023865,1.993404694
17.74967721,-3.597768402,-8.955427094,1.95403656
17.75960421,-3.60031311,-8.949888611,1.926044769
17.76953221,-3.610491943,-8.961264954,1.919159088
17.77945921,-3.625460815,-8.993747406,1.919159088
17.78938621,-3.650608521,-9.045839081,1.935026093
17.79931321,-3.684138794,-9.097332001,1.95867691
17.80924083,-3.703448639,-9.166188812,1.980232086
17.81916883,-3.724704437,-9.20510788,1.976639557
17.82909583,-3.716770935,-9.21558609,1.952389984
17.83902283,-3.704047394,-9.197024689,1.927691345
17.84894983,-3.666325836,-9.167086945,1.910028076
17.85887683,-3.613785095,-9.121431885,1.892813873
17.86880383,-3.552861786,-9.080267487,1.924697571
17.87873183,-3.508104858,-9.047186279,1.956132202
17.88865883,-3.479214935,-9.020541687,1.977388
17.89858583,-3.465593262,-8.99090332,1.995650024
17.90851283,-3.472179565,-8.947044525,2.003284149
17.91843983,-3.480711823,-8.920250244,2.011067963
17.92836783,-3.509002991,-8.910670166,2.0079245
17.93829483,-3.550167389,-8.903335419,1.994302826
17.94822183,-3.590433655,-8.897198181,1.989213409
17.95814883,-3.629352722,-8.908275146,1.974244537
17.96807583,-3.680845642,-8.937614136,1.959425354
17.97800283,-3.727099457,-8.969348145,1.949246521
17.98793083,-3.763473816,-9.009165344,1.94939621
17.99785783,-3.783681793,-9.056916046,1.946552124
18.00778483,-3.78173584,-9.094338226,1.948797455
18.01771183,-3.768413544,-9.126970367,1.951791229
18.02763883,-3.723955994,-9.116492157,1.938319244
18.03756683,-3.650608521,-9.091344452,1.93293045
18.04749383,-3.586691437,-9.077423401,1.966011658
18.05742083,-3.5301091,-9.058263245,1.902992706
18.06734783,-3.488196259,-9.036708069,1.906585236
18.07727483,-3.472478943,-9.016051025,1.951342163
18.08720183,-3.462749176,-9.014853516,1.976938934
18.09712983,-3.497626648,-9.004375305,1.998943176
18.10705683,-3.557202759,-8.987011414,2.014959869
18.11698383,-3.602259064,-8.982820129,2.016606445
18.12691083,-3.671564941,-8.974736938,2.026934967
18.13683783,-3.720213776,-8.985963593,2.00313446
18.14676583,-3.737577667,-8.994196472,1.977986755
18.15669283,-3.742068329,-9.010512543,1.951641541
18.16661983,-3.729793854,-9.051377563,1.959425354
18.17654683,-3.700903931,-9.071735229,1.924398193
18.18647383,-3.681444397,-9.08685379,1.904788971
18.19640183,-3.644620972,-9.094487915,1.884580994
18.20632883,-3.634741516,-9.090745697,1.854044495
18.21625583,-3.63429245,-9.092841339,1.842817841
18.22618283,-3.620820465,-9.075477448,1.847907257
18.23610983,-3.596271515,-9.051227875,1.877695312
18.24603683,-3.579356689,-9.034911804,1.894909515
18.25596483,-3.58040451,-9.032067719,1.932032318
18.26589183,-3.592229919,-9.03072052,1.956880646
18.27581883,-3.602259064,-9.026678925,1.977088623
18.28574583,-3.610192566,-9.009315033,1.990410919
18.29567283,-3.625610504,-8.996441803,1.981728973
18.30560083,-3.649261322,-8.978628845,1.961520996
18.31552783,-3.663182373,-8.96515686,1.949695587
18.32545483,-3.682192841,-8.96291153,1.957479401
18.33538183,-3.702700195,-8.971892853,1.93996582
18.34530883,-3.731141052,-8.989107056,1.917063446
18.35523583,-3.73368576,-9.003477173,1.91421936
18.36516383,-3.738326111,-9.016799469,1.905537415
18.37509083,-3.742667084,-9.043294373,1.906285858
18.38501783,-3.729494476,-9.056017914,1.90374115
18.39494483,-3.697161713,-9.056616669,1.910626831
18.40487183,-3.664230194,-9.036708069,1.940564575
18.41479983,-3.631148987,-9.025182037,1.957030334
18.42472683,-3.625760193,-9.014554138,1.979932709
18.43465383,-3.62605957,-9.003477173,1.981279907
18.44458083,-3.621119843,-8.982969818,1.961820374
18.45450783,-3.641776886,-8.976982269,1.957778778
18.46443583,-3.670217743,-8.98162262,1.970352631
18.47436283,-3.66827179,-8.970246277,1.986069946
18.48428983,-3.66827179,-8.95587616,1.987117767
18.49421683,-3.669020233,-8.952133942,1.977088623
18.50414383,-3.676504669,-8.948092346,1.962718506
18.51407083,-3.673061829,-8.94524826,1.961970062
18.52399883,-3.663631439,-8.941655731,1.969753876
18.53392583,-3.657494202,-8.945397949,1.961970062
18.54385283,-3.67051712,-8.955127716,1.959125977
18.55377983,-3.670217743,-8.948092346,1.953886871
18.56370683,-3.664529572,-8.951385498,1.951641541
18.57363483,-3.646117859,-8.955427094,1.958377533
18.58356183,-3.629502411,-8.956175537,1.965412903
18.59348883,-3.616928558,-8.956325226,1.969005432
18.60341583,-3.598666534,-8.973689117,1.958227844
18.61334283,-3.576213226,-8.967102814,1.937271423
18.62327083,-3.541635132,-8.945547638,1.932331696
18.63319783,-3.52427124,-8.934021606,1.937570801
18.64312483,-3.475472717,-8.933273163,1.959724731
18.65305183,-3.432362366,-8.921447754,1.961970062
18.66297883,-3.410956879,-8.905880127,1.957180023
18.67290583,-3.405568085,-8.887618103,1.953587494
18.68283383,-3.405268707,-8.877588959,1.945204926
18.69276083,-3.41904007,-8.868457947,1.953437805
18.70268783,-3.447480927,-8.851842499,1.963766327
18.71261483,-3.469934235,-8.847950592,1.951791229
18.72254183,-3.503015442,-8.832233276,1.940564575
18.73246983,-3.523373108,-8.819958801,1.930834808
18.74239683,-3.535797272,-8.824000397,1.913171539
18.75232383,-3.544928284,-8.81307312,1.916764069
18.76225083,-3.56872879,-8.830736389,1.924547882
18.77217783,-3.579057312,-8.860374756,1.929337921
18.78210483,-3.598367157,-8.88447464,1.921105042
18.79203283,-3.600911865,-8.90902359,1.9282901
18.80195983,-3.58743988,-8.923992462,1.93996582
18.81188675,-3.590733032,-8.915609894,1.950144653
18.82181375,-3.579656067,-8.898395691,1.943408661
18.83174075,-3.571722565,-8.880133667,1.936972046
18.84166875,-3.56289093,-8.888366547,1.918710022
18.85159575,-3.545976105,-8.871302032,1.916015625
18.86152275,-3.524720306,-8.83762207,1.91077652
18.87144975,-3.522175598,-8.817863159,1.897603912
18.88137675,-3.537743225,-8.793014832,1.912572784
18.89130375,-3.556753693,-8.765322418,1.888622589
18.90123175,-3.563489685,-8.745862885,1.868115234
18.91115875,-3.573369141,-8.747359772,1.869163055
18.92108575,-3.573518829,-8.733887787,1.875300293
18.93101275,-3.573369141,-8.737929382,1.881138153
18.94093975,-3.564836884,-8.723259888,1.879042511
18.95086775,-3.562441864,-8.721164246,1.857487335
18.96079475,-3.579207001,-8.736133118,1.848356323
18.97072175,-3.585793304,-8.756790161,1.840722198
18.98064875,-3.585643616,-8.775501251,1.855092316
18.99057575,-3.583697662,-8.787925415,1.870659943
19.00050275,-3.583248596,-8.797505493,1.880689087
19.01043075,-3.572471008,-8.792116699,1.873504028
19.02035775,-3.551664276,-8.793463898,1.844763794
19.03028475,-3.544479218,-8.802894287,1.850152588
19.04021175,-3.520678711,-8.800349579,1.850901031
19.05013875,-3.500470734,-8.786278839,1.883383484
19.06006675,-3.493135986,-8.75693985,1.887275391
19.06999375,-3.494782562,-8.737180939,1.879042511
19.07992075,-3.495531006,-8.734037476,1.862427063
19.08984775,-3.48565155,-8.716224518,1.855990448
19.09977475,-3.468587036,-8.703650665,1.856140137
19.10970275,-3.461851044,-8.685238953,1.864672394
19.11962975,-3.470682678,-8.665030975,1.862427063
19.12955675,-3.486100616,-8.651708679,1.864971771
19.13948375,-3.503314819,-8.642577667,1.864822083
19.14941075,-3.514242096,-8.651708679,1.871857452
19.15933775,-3.515289917,-8.668324127,1.877395935
19.16926575,-3.516936493,-8.66682724,1.8791922
19.17919275,-3.522175598,-8.680598602,1.863474884
19.18911975,-3.522624664,-8.675808563,1.845512238
19.19904675,-3.501518555,-8.677754517,1.840871887
19.20897375,-3.477867737,-8.657696228,1.845811615
19.21890075,-3.460503845,-8.644523621,1.862277374
19.22882875,-3.456911316,-8.647966461,1.901645508
19.23875575,-3.445684662,-8.659941559,1.912123718
19.24868275,-3.458108826,-8.672964478,1.92484726
19.25860975,-3.484454041,-8.686885529,1.932780762
19.26853675,-3.491938477,-8.691675568,1.922601929
19.27846475,-3.494483185,-8.693322144,1.929786987
19.28839175,-3.466042328,-8.692424011,1.922901306
19.29831875,-3.444038086,-8.669970703,1.913171539
19.30824575,-3.426823883,-8.654552765,1.91421936
19.31817275,-3.419489136,-8.632099457,1.911824341
19.32809975,-3.410058746,-8.622220001,1.898502045
19.33802775,-3.402424622,-8.619675293,1.890119476
19.34795475,-3.39913147,-8.607700195,1.908231812
19.35788175,-3.424428864,-8.592581635,1.913770294
19.36780875,-3.430566101,-8.58494751,1.899849243
19.37773575,-3.426524506,-8.556057587,1.872905273
19.38766375,-3.413351898,-8.542286224,1.850152588
19.39759075,-3.397484894,-8.527017975,1.850152588
19.40751775,-3.382066956,-8.533903656,1.852996674
19.41744475,-3.350632324,-8.545429688,1.850002899
19.42737175,-3.329226837,-8.556207275,1.86272644
19.43729975,-3.325185242,-8.570577393,1.864822083
19.44722675,-3.325484619,-8.578211517,1.86392395
19.45715375,-3.318299561,-8.569529572,1.882934418
19.46708075,-3.329825592,-8.555159454,1.892813873
19.47700775,-3.357368317,-8.540190582,1.880988464
19.48693475,-3.40496933,-8.541687469,1.880090332
19.49686275,-3.43071579,-8.543783112,1.874551849
19.50678975,-3.463198242,-8.553213501,1.857038269
19.51671675,-3.484753418,-8.558751984,1.858984222
19.52664375,-3.489842834,-8.567284241,1.874701538
19.53657075,-3.466042328,-8.558751984,1.887574768
19.54649875,-3.429667969,-8.567433929,1.898502045
19.55642575,-3.400029602,-8.570427704,1.906435547
19.56635275,-3.349135437,-8.575816498,1.906136169
19.57627975,-3.304977264,-8.570278015,1.908082123
19.58620675,-3.273991699,-8.554411011,1.938768311
19.59613375,-3.27039917,-8.52881424,1.940714264
19.60606175,-3.270548859,-8.505013733,1.924398193
19.61598875,-3.27159668,-8.478518829,1.913919983
19.62591575,-3.293002167,-8.469687195,1.904788971
19.63584275,-3.318299561,-8.465495911,1.898052979
19.64576975,-3.347189484,-8.471034393,1.903890839
19.65569775,-3.355721741,-8.446784821,1.889820099
19.66562475,-3.382066956,-8.439150696,1.870659943
19.67555175,-3.390000458,-8.431217194,1.863624573
19.68547875,-3.391647034,-8.430169373,1.840123444
19.69540575,-3.409010925,-8.41639801,1.824406128
19.70533275,-3.432661743,-8.414901123,1.815125427
19.71526075,-3.426225128,-8.410709839,1.830393677
19.72518775,-3.439397736,-8.426127777,1.832040253
19.73511475,-3.435655518,-8.428373108,1.825004883
19.74504175,-3.420087891,-8.438851318,1.826352081
19.75496875,-3.414699097,-8.440348206,1.831441498
19.76489675,-3.402125244,-8.430618439,1.826052704
19.77482375,-3.383264465,-8.419541473,1.835183716
19.78475075,-3.360212402,-8.409063263,1.820514221
19.79467775,-3.331023102,-8.404273224,1.796863403
19.80460475,-3.31365921,-8.41639801,1.795815582
19.81453096,-3.307372284,-8.417296143,1.80659317
19.82445896,-3.300037537,-8.414302368,1.826950836
19.83438596,-3.313509521,-8.424032135,1.846110992
19.84431296,-3.326083374,-8.424481201,1.853146362
19.85423996,-3.330274658,-8.433312836,1.858535156
19.86416696,-3.345093842,-8.440048828,1.877695312
19.87409396,-3.356769562,-8.423882446,1.87679718
19.88402196,-3.347488861,-8.402327271,1.866169281
19.89394896,-3.332669678,-8.366401978,1.833686829
19.90387596,-3.318000183,-8.331374817,1.811832275
19.91380296,-3.304528198,-8.29470108,1.774260406
19.92372996,-3.287613373,-8.269253998,1.765877838
19.93365796,-3.286864929,-8.25608139,1.777254181
19.94358496,-3.288361816,-8.260272675,1.766326904
19.95351196,-3.323388977,-8.27838501,1.761985931
19.96343896,-3.350332947,-8.301886139,1.757944336
19.97336596,-3.41080719,-8.338410187,1.75749527
19.98329296,-3.473227386,-8.363408203,1.760788422
19.99322096,-3.476670227,-8.365503845,1.772015076
20.00314796,-3.477718048,-8.349936218,1.765428772
20.01307496,-3.458857269,-8.322094116,1.761387177
20.02300196,-3.443439331,-8.305628357,1.769470367
20.03292896,-3.402873688,-8.302484894,1.761087799
20.04285696,-3.381468201,-8.328231354,1.769470367
20.05278396,-3.385360107,-8.369395752,1.830842743
20.06271096,-3.389850769,-8.411607971,1.877545624
20.07263796,-3.397634583,-8.440497894,1.918260956
20.08256496,-3.414250031,-8.445437622,1.934726715
20.09249196,-3.424728241,-8.453670502,1.930984497
20.10241996,-3.423231354,-8.430319061,1.91661438
20.11234696,-3.402125244,-8.408165131,1.883682861
20.12227396,-3.374881897,-8.392896881,1.863774261
20.13220096,-3.346291351,-8.378676453,1.848056946
20.14212796,-3.318299561,-8.374784546,1.851649475
20.15205596,-3.290158081,-8.365653534,1.831890564
20.16198296,-3.272045746,-8.362210693,1.817670135
20.17190996,-3.275189209,-8.354875946,1.817520447
20.18183696,-3.2832724,-8.362210693,1.815873871
20.19176396,-3.295546875,-8.374185791,1.830094299
20.20169096,-3.303031311,-8.370144196,1.839375
20.21161896,-3.312012634,-8.368198242,1.843416595
20.22154596,-3.330873413,-8.360115051,1.830543365
20.23147296,-3.331172791,-8.341403961,1.824256439
20.24139996,-3.327879639,-8.319100342,1.817071381
20.25132696,-3.335663452,-8.306227112,1.83473465
20.26125396,-3.344195709,-8.324189758,1.837129669
20.27118196,-3.361260223,-8.357720032,1.849104767
20.28110896,-3.379522247,-8.398734741,1.884281616
20.29103596,-3.390150146,-8.419840851,1.891466675
20.30096296,-3.398383026,-8.418044586,1.893861694
20.31088996,-3.390150146,-8.406069489,1.888323212
20.32081796,-3.382066956,-8.408913574,1.880090332
20.33074496,-3.389401703,-8.40936264,1.874551849
20.34067196,-3.382216644,-8.414601746,1.871408386
20.35059896,-3.387006683,-8.405620422,1.872456207
20.36052596,-3.372037811,-8.398135986,1.874402161
20.37045296,-3.356170807,-8.390202484,1.842668152
20.38038096,-3.344794464,-8.357570343,1.815125427
20.39030796,-3.334016876,-8.338110809,1.806144104
20.40023496,-3.328777771,-8.351882172,1.804048462
20.41016196,-3.334016876,-8.341403961,1.803300018
20.42008896,-3.346590729,-8.35442688,1.795516205
20.43001696,-3.386557617,-8.362510071,1.805245972
20.43994396,-3.424728241,-8.375083923,1.81243103
20.44987096,-3.454216919,-8.380023651,1.816772003
20.45979796,-3.477268982,-8.384065247,1.805096283
20.46972496,-3.495531006,-8.38137085,1.804796906
20.47965196,-3.488345947,-8.381221161,1.782193909
20.48957996,-3.484154663,-8.385412445,1.792372742
20.49950696,-3.485950928,-8.402926025,1.801803131
20.50943396,-3.466491394,-8.417894897,1.803300018
20.51936096,-3.43999649,-8.421936493,1.809437256
20.52928796,-3.4120047,-8.433761902,1.822460175
20.53921496,-3.379073181,-8.448431396,1.838626556
20.54914296,-3.375630341,-8.458011475,1.839674377
20.55906996,-3.352428589,-8.46444809,1.839824066
20.56899696,-3.365451508,-8.463849335,1.833387451
20.57892396,-3.381168823,-8.467441864,1.822160797
20.58885096,-3.397484894,-8.46908844,1.813029785
20.59877796,-3.421734467,-8.494984589,1.821562042
20.60870596,-3.445984039,-8.518635406,1.843117218
20.61863296,-3.463198242,-8.537945251,1.855242004
20.62855996,-3.472628632,-8.56264389,1.864672394
20.63848696,-3.460204468,-8.578660583,1.879790955
20.64841396,-3.437152405,-8.586743774,1.886077881
20.65834196,-3.420686646,-8.579708405,1.897154846
20.66826896,-3.418591003,-8.580606537,1.899400177
20.67819596,-3.403921509,-8.566685486,1.881736908
20.68812296,-3.384012909,-8.57327179,1.872306519
20.69804996,-3.395389252,-8.579259338,1.895957336
20.70797696,-3.396586761,-8.570128326,1.903591461
20.71790496,-3.384911041,-8.555159454,1.917961578
20.72783196,-3.377725983,-8.522677002,1.932331696
20.73775896,-3.391647034,-8.490793304,1.91661438
20.74768596,-3.398832092,-8.463549957,1.892514496
20.75761296,-3.40377182,-8.447682953,1.86976181
20.76753996,-3.420387268,-8.479267273,1.875449982
20.77746796,-3.436403961,-8.518635406,1.887574768
20.78739496,-3.441942444,-8.556656342,1.900747375
20.79732196,-3.466790771,-8.585246887,1.914818115
20.80724896,-3.496279449,-8.585845642,1.914518738
20.81717658,-3.504662018,-8.555009766,1.908830566
20.82710458,-3.488196259,-8.519533539,1.873953094
20.83703158,-3.477568359,-8.505612488,1.867067413
20.84695858,-3.477418671,-8.510252838,1.887125702
20.85688558,-3.461551666,-8.516539764,1.895957336
20.86681258,-3.4611026,-8.525820465,1.898052979
20.87673958,-3.475323029,-8.534502411,1.926643524
20.88666758,-3.472329254,-8.552914124,1.926344147
20.89659458,-3.480562134,-8.555009766,1.923500061
20.90652158,-3.476221161,-8.561895447,1.91661438
20.91644858,-3.469784546,-8.572373657,1.926493835
20.92637558,-3.503614197,-8.586893463,1.928589478
20.93630258,-3.505111084,-8.578959961,1.898202667
20.94623058,-3.508553925,-8.577313385,1.875150604
20.95615758,-3.5208284,-8.568182373,1.874851227
20.96608458,-3.524570618,-8.567882996,1.861379242
20.97601158,-3.515439606,-8.57910965,1.858535156
20.98593858,-3.496429138,-8.591683502,1.856589203
20.99586558,-3.498225403,-8.613987122,1.855691071
21.00579358,-3.497626648,-8.642727356,1.869462433
21.01572058,-3.499871979,-8.678203583,1.878144379
21.02564758,-3.516038361,-8.702453156,1.893113251
21.03557458,-3.523971863,-8.723559265,1.889820099
21.04550158,-3.520379333,-8.725954285,1.885479126
21.05542958,-3.518583069,-8.708291016,1.88263504
21.06535658,-3.484154663,-8.691974945,1.870210876
21.07528358,-3.456761627,-8.68209549,1.878743134
21.08521058,-3.426524506,-8.669970703,1.870659943
21.09513758,-3.3920961,-8.663234711,1.868863678
21.10506458,-3.374732208,-8.670868835,1.857936401
21.11499158,-3.35691925,-8.676257629,1.864522705
21.12491958,-3.37458252,-8.682694244,1.874252472
21.13484658,-3.403622131,-8.692274323,1.866019592
21.14477358,-3.44478653,-8.697812805,1.86512146
21.15470058,-3.480412445,-8.700058136,1.871408386
21.16462758,-3.525618439,-8.716523895,1.875000916
21.17455558,-3.558100891,-8.727151794,1.877246246
21.18448258,-3.565585327,-8.735384674,1.885179749
21.19440958,-3.577111359,-8.735684052,1.875449982
21.20433658,-3.559747467,-8.734336853,1.864522705
21.21426358,-3.543730774,-8.729546814,1.849404144
21.22419058,-3.512146454,-8.725804596,1.8592836
21.23411858,-3.477568359,-8.741222534,1.867965546
21.24404558,-3.45765976,-8.742270355,1.887874146
21.25397258,-3.454216919,-8.758736115,1.918859711
21.26389958,-3.471880188,-8.765322418,1.928589478
21.27382658,-3.495830383,-8.764573975,1.932481384
21.28375358,-3.531007233,-8.743617554,1.940265198
21.29368158,-3.553759918,-8.729546814,1.94939621
21.30360858,-3.576811981,-8.710835724,1.926643524
21.31353558,-3.590134277,-8.692723389,1.914518738
21.32346258,-3.590882721,-8.685388641,1.8884729
21.33338958,-3.593726807,-8.685837708,1.879341888
21.34331758,-3.592978363,-8.693471832,1.866468658
21.35324458,-3.595223694,-8.708141327,1.863175507
21.36317158,-3.600911865,-8.723559265,1.862277374
21.37309858,-3.614533539,-8.757538605,1.89086792
21.38302558,-3.642824707,-8.782536621,1.910177765
21.39295258,-3.652704163,-8.795709229,1.92245224
21.40288058,-3.656296692,-8.798403625,1.911075897
21.41280758,-3.662433929,-8.812474365,1.917961578
21.42273458,-3.655697937,-8.820707245,1.90718399
21.43266158,-3.634741516,-8.819659424,1.893562317
21.44258858,-3.594624939,-8.803642731,1.896256714
21.45251558,-3.56528595,-8.792116699,1.891017609
21.46244358,-3.543880463,-8.793314209,1.901795197
21.47237058,-3.534001007,-8.797056427,1.906884613
21.48229758,-3.547023926,-8.802295532,1.923799438
21.49222458,-3.575614471,-8.810378723,1.919608154
21.50215158,-3.593427429,-8.807834015,1.91661438
21.51207858,-3.610641632,-8.821455688,1.919608154
21.52200658,-3.644620972,-8.824898529,1.933080139
21.53193358,-3.675007782,-8.82714386,1.935624847
21.54186058,-3.681294708,-8.829389191,1.929038544
21.55178758,-3.703448639,-8.843010864,1.907633057
21.56171458,-3.702849884,-8.867260437,1.896256714
21.57164158,-3.697760468,-8.885372772,1.897005157
21.58156958,-3.682492218,-8.9301297,1.901944885
21.59149658,-3.646566925,-8.96171402,1.919907532
21.60142358,-3.612886963,-8.957073669,1.932780762
21.61135058,-3.576362915,-8.944799194,1.92005722
21.62127758,-3.540737,-8.909622345,1.895657959
21.63120458,-3.505709839,-8.865913239,1.898352356
21.64113258,-3.498225403,-8.859177246,1.901196442
21.65105958,-3.512894897,-8.860374756,1.897454224
21.66098658,-3.531456299,-8.863518219,1.878294067
21.67091358,-3.549269257,-8.868308258,1.860630798
21.68084058,-3.580703888,-8.864715729,1.886377258
21.69076858,-3.583248596,-8.860075378,1.895657959
21.70069558,-3.570375366,-8.846004639,1.909279633
21.71062258,-3.572770386,-8.846453705,1.899849243
21.72054958,-3.581302643,-8.855285339,1.889969788
21.73047658,-3.599115601,-8.866212616,1.89086792
21.74040358,-3.599115601,-8.887169037,1.875000916
21.75033158,-3.59327774,-8.922196198,1.893861694
21.76025858,-3.598965912,-8.948092346,1.92364975
21.77018558,-3.593128052,-8.978628845,1.959425354
21.78011258,-3.580853577,-8.98746048,1.983076172
21.79003958,-3.572171631,-8.984766083,2.00552948
21.79996658,-3.571572876,-8.981323242,2.009571075
21.80989458,-3.550915833,-8.983718262,2.018851776
21.81982146,-3.546425171,-8.982071686,2.009720764
21.82974846,-3.550915833,-8.991502075,2.0172052
21.83967546,-3.549568634,-8.997639313,2.021995239
21.84960246,-3.563339996,-9.003028107,2.021845551
21.85952946,-3.579656067,-8.994196472,2.023492126
21.86945746,-3.60031311,-8.992998962,2.022893372
21.87938446,-3.620371399,-9.000633087,2.027384033
21.88931146,-3.641028442,-9.004674683,2.014361115
21.89923846,-3.663032684,-9.004375305,2.001338196
21.90916546,-3.670217743,-8.998537445,1.994751892
21.91909246,-3.677103424,-8.975186005,1.987417145
21.92902046,-3.662433929,-8.952583008,1.9880159
21.93894746,-3.658242645,-8.939709778,1.991608429
21.94887446,-3.654799805,-8.930728455,1.99849411
21.95880146,-3.661535797,-8.942404175,2.000140686
21.96872846,-3.659589844,-8.939260712,1.988764343
21.97865546,-3.660937042,-8.955576782,1.989812164
21.98858346,-3.679797821,-8.948990479,2.014361115
21.99851046,-3.696113892,-8.977730713,2.031425629
22.00843746,-3.706592102,-8.98506546,2.017803955
22.01836446,-3.714375916,-8.991352386,2.020348663
22.02829146,-3.716770935,-8.998537445,2.006876678
22.03821846,-3.72320755,-9.009464722,2.005679169
22.04814646,-3.713028717,-9.010662231,2.007625122
22.05807346,-3.720962219,-9.015302582,2.016756134
22.06800046,-3.719615021,-9.035959625,2.032024384
22.07792746,-3.722608795,-9.053024139,2.044448547
22.08785446,-3.720513153,-9.060508575,2.038610687
22.09778246,-3.711232452,-9.053473206,2.032174072
22.10770946,-3.698508911,-9.034612427,2.038760376
22.11763646,-3.692970428,-9.015302582,2.004930725
22.12756346,-3.689677277,-8.998836823,1.987866211
22.13749046,-3.697760468,-8.998687134,1.972448273
22.14741746,-3.706592102,-8.99449585,1.967508545
22.15734546,-3.703149261,-8.98506546,1.964065704
22.16727246,-3.691473541,-8.993747406,1.958227844
22.17719946,-3.688479767,-9.000184021,1.959575043
22.18712646,-3.686084747,-9.027277679,1.965861969
22.19705346,-3.663781128,-9.02248764,1.972597961
22.20698046,-3.653153229,-8.972940674,1.982627106
22.21690846,-3.667972412,-8.820557556,1.947899323
22.22683546,-3.72440506,-8.899593201,1.84641037
22.23676246,-3.710484009,-9.042994995,1.878443756
22.24668946,-3.708538055,-9.050778809,1.977238312
22.25661646,-3.66587677,-9.058712311,2.027982788
22.26654346,-3.60390564,-9.053622894,2.05118454
22.27647146,-3.548221436,-9.06350235,2.046693878
22.28639846,-3.534300385,-9.050928497,2.039359131
22.29632546,-3.567830658,-9.01081192,1.994153137
22.30625246,-3.60854599,-8.959169312,1.998793488
22.31617946,-3.622467041,-8.932824097,1.992506561
22.32610646,-3.637735291,-8.942104797,1.962868195
22.33603446,-3.636238403,-8.954379272,1.949096832
22.34596146,-3.648812256,-8.961115265,1.954485626
22.35588846,-3.683540039,-8.964558105,1.961670685
22.36581546,-3.719016266,-8.976832581,1.965412903
22.37574246,-3.716321869,-8.982969818,1.991159363
22.38567046,-3.708088989,-8.998238068,2.01136734
22.39559746,-3.673660583,-9.014554138,2.048639832
22.40552446,-3.655099182,-9.038354645,2.072889404
22.41545146,-3.639830933,-9.054521027,2.073039093
22.42537846,-3.612737274,-9.043444061,2.037413177
22.43530546,-3.604504395,-9.012907562,2.017055511
22.44523346,-3.602408752,-8.964558105,2.008373566
22.45516046,-3.588487701,-8.939260712,2.004032593
22.46508746,-3.588188324,-8.953181763,2.045196991
22.47501446,-3.611390076,-8.989556122,2.06750061
22.48494146,-3.64252533,-9.042545929,2.08740921
22.49486846,-3.669768677,-9.084309082,2.107168121
22.50479646,-3.694617004,-9.105415192,2.10147995
22.51472346,-3.69626358,-9.091793518,2.079176331
22.52465046,-3.661086731,-9.062155151,2.05118454
22.53457746,-3.618425446,-9.014554138,2.002835083
22.54450446,-3.573668518,-8.96635437,1.983225861
22.55443146,-3.52546875,-8.926986237,1.974543915
22.56435946,-3.501368866,-8.899742889,1.97155014
22.57428646,-3.504662018,-8.881630554,1.981279907
22.58421346,-3.508553925,-8.888665924,1.970053253
22.59414046,-3.53250412,-8.883726196,1.969604187
22.60406746,-3.563339996,-8.872050476,1.969604187
22.61399446,-3.580254822,-8.878487091,1.949845276
22.62392246,-3.585942993,-8.876690826,1.941313019
22.63384946,-3.582350464,-8.87160141,1.944157104
22.64377646,-3.581003265,-8.871152344,1.920356598
22.65370346,-3.573369141,-8.869655457,1.905387726
22.66363046,-3.576213226,-8.862171021,1.918260956
22.67355746,-3.567082214,-8.851094055,1.898801422
22.68348546,-3.572770386,-8.838669891,1.901645508
22.69341246,-3.592080231,-8.831185455,1.893412628
22.70333946,-3.587888947,-8.822653198,1.895208893
22.71326646,-3.573967896,-8.814420319,1.893262939
22.72319346,-3.597319336,-8.833281097,1.892664185
22.73312046,-3.612437897,-8.82834137,1.901046753
22.74304846,-3.617527313,-8.826096039,1.901795197
22.75297546,-3.618724823,-8.828191681,1.902094574
22.76290246,-3.620970154,-8.819809113,1.913470917
22.77282946,-3.631448364,-8.818461914,1.899549866
22.78275646,-3.631298676,-8.82594635,1.903142395
22.79268346,-3.626808014,-8.81771347,1.905687103
22.80261146,-3.63189743,-8.811725922,1.895208893
22.81253846,-3.629502411,-8.803343353,1.895957336
22.82246883,-3.62022171,-8.801547089,1.890418854
22.83239583,-3.620670776,-8.799152069,1.886976013
22.84232283,-3.618724823,-8.795709229,1.891466675
22.85224983,-3.619922333,-8.792865143,1.893562317
22.86217783,-3.625760193,-8.805588684,1.905836792
22.87210483,-3.63309494,-8.81187561,1.921554108
22.88203183,-3.636986847,-8.819060669,1.928888855
22.89195883,-3.648063812,-8.829389191,1.929936676
22.90188583,-3.650608521,-8.8305867,1.923949127
